aircraft_carrier/real_001_000182.jpg,0
aircraft_carrier/real_001_000283.jpg,0
aircraft_carrier/real_001_000200.jpg,0
aircraft_carrier/real_001_000284.jpg,0
aircraft_carrier/real_001_000209.jpg,0
aircraft_carrier/real_001_000080.jpg,0
aircraft_carrier/real_001_000133.jpg,0
aircraft_carrier/real_001_000149.jpg,0
aircraft_carrier/real_001_000205.jpg,0
aircraft_carrier/real_001_000092.jpg,0
aircraft_carrier/real_001_000154.jpg,0
aircraft_carrier/real_001_000105.jpg,0
aircraft_carrier/real_001_000044.jpg,0
aircraft_carrier/real_001_000170.jpg,0
aircraft_carrier/real_001_000155.jpg,0
aircraft_carrier/real_001_000321.jpg,0
aircraft_carrier/real_001_000237.jpg,0
aircraft_carrier/real_001_000066.jpg,0
aircraft_carrier/real_001_000339.jpg,0
aircraft_carrier/real_001_000211.jpg,0
aircraft_carrier/real_001_000375.jpg,0
aircraft_carrier/real_001_000342.jpg,0
aircraft_carrier/real_001_000174.jpg,0
aircraft_carrier/real_001_000330.jpg,0
aircraft_carrier/real_001_000185.jpg,0
aircraft_carrier/real_001_000234.jpg,0
aircraft_carrier/real_001_000288.jpg,0
aircraft_carrier/real_001_000167.jpg,0
aircraft_carrier/real_001_000112.jpg,0
aircraft_carrier/real_001_000360.jpg,0
aircraft_carrier/real_001_000359.jpg,0
aircraft_carrier/real_001_000103.jpg,0
aircraft_carrier/real_001_000102.jpg,0
aircraft_carrier/real_001_000361.jpg,0
aircraft_carrier/real_001_000235.jpg,0
aircraft_carrier/real_001_000373.jpg,0
aircraft_carrier/real_001_000190.jpg,0
aircraft_carrier/real_001_000186.jpg,0
aircraft_carrier/real_001_000099.jpg,0
aircraft_carrier/real_001_000358.jpg,0
aircraft_carrier/real_001_000181.jpg,0
aircraft_carrier/real_001_000158.jpg,0
aircraft_carrier/real_001_000320.jpg,0
aircraft_carrier/real_001_000317.jpg,0
aircraft_carrier/real_001_000171.jpg,0
aircraft_carrier/real_001_000281.jpg,0
aircraft_carrier/real_001_000246.jpg,0
aircraft_carrier/real_001_000172.jpg,0
aircraft_carrier/real_001_000223.jpg,0
aircraft_carrier/real_001_000007.jpg,0
aircraft_carrier/real_001_000226.jpg,0
aircraft_carrier/real_001_000195.jpg,0
aircraft_carrier/real_001_000150.jpg,0
aircraft_carrier/real_001_000071.jpg,0
aircraft_carrier/real_001_000070.jpg,0
aircraft_carrier/real_001_000222.jpg,0
aircraft_carrier/real_001_000299.jpg,0
aircraft_carrier/real_001_000084.jpg,0
aircraft_carrier/real_001_000191.jpg,0
aircraft_carrier/real_001_000365.jpg,0
aircraft_carrier/real_001_000316.jpg,0
aircraft_carrier/real_001_000329.jpg,0
aircraft_carrier/real_001_000356.jpg,0
aircraft_carrier/real_001_000362.jpg,0
aircraft_carrier/real_001_000164.jpg,0
aircraft_carrier/real_001_000011.jpg,0
aircraft_carrier/real_001_000161.jpg,0
aircraft_carrier/real_001_000113.jpg,0
aircraft_carrier/real_001_000336.jpg,0
aircraft_carrier/real_001_000334.jpg,0
aircraft_carrier/real_001_000248.jpg,0
aircraft_carrier/real_001_000271.jpg,0
aircraft_carrier/real_001_000257.jpg,0
aircraft_carrier/real_001_000349.jpg,0
aircraft_carrier/real_001_000287.jpg,0
aircraft_carrier/real_001_000270.jpg,0
aircraft_carrier/real_001_000206.jpg,0
aircraft_carrier/real_001_000165.jpg,0
aircraft_carrier/real_001_000038.jpg,0
aircraft_carrier/real_001_000335.jpg,0
aircraft_carrier/real_001_000123.jpg,0
aircraft_carrier/real_001_000139.jpg,0
aircraft_carrier/real_001_000037.jpg,0
aircraft_carrier/real_001_000142.jpg,0
aircraft_carrier/real_001_000306.jpg,0
aircraft_carrier/real_001_000187.jpg,0
aircraft_carrier/real_001_000110.jpg,0
aircraft_carrier/real_001_000350.jpg,0
aircraft_carrier/real_001_000311.jpg,0
aircraft_carrier/real_001_000382.jpg,0
aircraft_carrier/real_001_000025.jpg,0
aircraft_carrier/real_001_000388.jpg,0
aircraft_carrier/real_001_000312.jpg,0
aircraft_carrier/real_001_000249.jpg,0
aircraft_carrier/real_001_000258.jpg,0
aircraft_carrier/real_001_000051.jpg,0
aircraft_carrier/real_001_000179.jpg,0
aircraft_carrier/real_001_000218.jpg,0
aircraft_carrier/real_001_000089.jpg,0
aircraft_carrier/real_001_000279.jpg,0
aircraft_carrier/real_001_000001.jpg,0
aircraft_carrier/real_001_000308.jpg,0
aircraft_carrier/real_001_000101.jpg,0
aircraft_carrier/real_001_000159.jpg,0
aircraft_carrier/real_001_000079.jpg,0
aircraft_carrier/real_001_000302.jpg,0
aircraft_carrier/real_001_000146.jpg,0
aircraft_carrier/real_001_000210.jpg,0
aircraft_carrier/real_001_000275.jpg,0
aircraft_carrier/real_001_000015.jpg,0
aircraft_carrier/real_001_000229.jpg,0
aircraft_carrier/real_001_000274.jpg,0
aircraft_carrier/real_001_000086.jpg,0
aircraft_carrier/real_001_000021.jpg,0
aircraft_carrier/real_001_000385.jpg,0
aircraft_carrier/real_001_000115.jpg,0
aircraft_carrier/real_001_000055.jpg,0
aircraft_carrier/real_001_000072.jpg,0
aircraft_carrier/real_001_000111.jpg,0
aircraft_carrier/real_001_000184.jpg,0
aircraft_carrier/real_001_000346.jpg,0
aircraft_carrier/real_001_000083.jpg,0
aircraft_carrier/real_001_000232.jpg,0
aircraft_carrier/real_001_000104.jpg,0
aircraft_carrier/real_001_000064.jpg,0
aircraft_carrier/real_001_000013.jpg,0
aircraft_carrier/real_001_000153.jpg,0
aircraft_carrier/real_001_000221.jpg,0
aircraft_carrier/real_001_000219.jpg,0
aircraft_carrier/real_001_000204.jpg,0
aircraft_carrier/real_001_000328.jpg,0
aircraft_carrier/real_001_000344.jpg,0
aircraft_carrier/real_001_000129.jpg,0
aircraft_carrier/real_001_000273.jpg,0
aircraft_carrier/real_001_000212.jpg,0
aircraft_carrier/real_001_000151.jpg,0
aircraft_carrier/real_001_000128.jpg,0
aircraft_carrier/real_001_000016.jpg,0
aircraft_carrier/real_001_000269.jpg,0
aircraft_carrier/real_001_000326.jpg,0
aircraft_carrier/real_001_000260.jpg,0
aircraft_carrier/real_001_000314.jpg,0
aircraft_carrier/real_001_000313.jpg,0
aircraft_carrier/real_001_000255.jpg,0
aircraft_carrier/real_001_000012.jpg,0
aircraft_carrier/real_001_000376.jpg,0
aircraft_carrier/real_001_000118.jpg,0
aircraft_carrier/real_001_000300.jpg,0
aircraft_carrier/real_001_000357.jpg,0
aircraft_carrier/real_001_000061.jpg,0
aircraft_carrier/real_001_000301.jpg,0
aircraft_carrier/real_001_000127.jpg,0
aircraft_carrier/real_001_000207.jpg,0
aircraft_carrier/real_001_000367.jpg,0
aircraft_carrier/real_001_000240.jpg,0
aircraft_carrier/real_001_000285.jpg,0
aircraft_carrier/real_001_000265.jpg,0
aircraft_carrier/real_001_000137.jpg,0
aircraft_carrier/real_001_000377.jpg,0
aircraft_carrier/real_001_000387.jpg,0
aircraft_carrier/real_001_000068.jpg,0
aircraft_carrier/real_001_000063.jpg,0
aircraft_carrier/real_001_000332.jpg,0
aircraft_carrier/real_001_000266.jpg,0
aircraft_carrier/real_001_000049.jpg,0
aircraft_carrier/real_001_000169.jpg,0
aircraft_carrier/real_001_000082.jpg,0
aircraft_carrier/real_001_000052.jpg,0
aircraft_carrier/real_001_000048.jpg,0
aircraft_carrier/real_001_000157.jpg,0
aircraft_carrier/real_001_000354.jpg,0
aircraft_carrier/real_001_000230.jpg,0
aircraft_carrier/real_001_000041.jpg,0
aircraft_carrier/real_001_000241.jpg,0
aircraft_carrier/real_001_000008.jpg,0
aircraft_carrier/real_001_000002.jpg,0
aircraft_carrier/real_001_000227.jpg,0
aircraft_carrier/real_001_000125.jpg,0
aircraft_carrier/real_001_000355.jpg,0
aircraft_carrier/real_001_000244.jpg,0
aircraft_carrier/real_001_000194.jpg,0
aircraft_carrier/real_001_000144.jpg,0
aircraft_carrier/real_001_000225.jpg,0
aircraft_carrier/real_001_000046.jpg,0
aircraft_carrier/real_001_000053.jpg,0
aircraft_carrier/real_001_000141.jpg,0
aircraft_carrier/real_001_000022.jpg,0
aircraft_carrier/real_001_000383.jpg,0
aircraft_carrier/real_001_000003.jpg,0
aircraft_carrier/real_001_000253.jpg,0
aircraft_carrier/real_001_000364.jpg,0
aircraft_carrier/real_001_000347.jpg,0
aircraft_carrier/real_001_000380.jpg,0
aircraft_carrier/real_001_000289.jpg,0
aircraft_carrier/real_001_000295.jpg,0
aircraft_carrier/real_001_000065.jpg,0
aircraft_carrier/real_001_000286.jpg,0
aircraft_carrier/real_001_000236.jpg,0
aircraft_carrier/real_001_000028.jpg,0
aircraft_carrier/real_001_000040.jpg,0
aircraft_carrier/real_001_000121.jpg,0
aircraft_carrier/real_001_000242.jpg,0
aircraft_carrier/real_001_000245.jpg,0
aircraft_carrier/real_001_000290.jpg,0
aircraft_carrier/real_001_000024.jpg,0
aircraft_carrier/real_001_000331.jpg,0
aircraft_carrier/real_001_000338.jpg,0
aircraft_carrier/real_001_000010.jpg,0
aircraft_carrier/real_001_000293.jpg,0
aircraft_carrier/real_001_000233.jpg,0
aircraft_carrier/real_001_000193.jpg,0
aircraft_carrier/real_001_000263.jpg,0
aircraft_carrier/real_001_000005.jpg,0
aircraft_carrier/real_001_000368.jpg,0
aircraft_carrier/real_001_000087.jpg,0
aircraft_carrier/real_001_000160.jpg,0
aircraft_carrier/real_001_000189.jpg,0
aircraft_carrier/real_001_000074.jpg,0
aircraft_carrier/real_001_000374.jpg,0
aircraft_carrier/real_001_000297.jpg,0
aircraft_carrier/real_001_000188.jpg,0
aircraft_carrier/real_001_000019.jpg,0
aircraft_carrier/real_001_000017.jpg,0
aircraft_carrier/real_001_000145.jpg,0
aircraft_carrier/real_001_000006.jpg,0
aircraft_carrier/real_001_000343.jpg,0
aircraft_carrier/real_001_000318.jpg,0
aircraft_carrier/real_001_000389.jpg,0
aircraft_carrier/real_001_000353.jpg,0
aircraft_carrier/real_001_000372.jpg,0
aircraft_carrier/real_001_000268.jpg,0
aircraft_carrier/real_001_000067.jpg,0
aircraft_carrier/real_001_000272.jpg,0
aircraft_carrier/real_001_000166.jpg,0
aircraft_carrier/real_001_000327.jpg,0
aircraft_carrier/real_001_000056.jpg,0
aircraft_carrier/real_001_000136.jpg,0
aircraft_carrier/real_001_000323.jpg,0
aircraft_carrier/real_001_000247.jpg,0
aircraft_carrier/real_001_000176.jpg,0
aircraft_carrier/real_001_000045.jpg,0
aircraft_carrier/real_001_000069.jpg,0
aircraft_carrier/real_001_000047.jpg,0
aircraft_carrier/real_001_000324.jpg,0
aircraft_carrier/real_001_000042.jpg,0
aircraft_carrier/real_001_000130.jpg,0
aircraft_carrier/real_001_000369.jpg,0
aircraft_carrier/real_001_000259.jpg,0
aircraft_carrier/real_001_000143.jpg,0
aircraft_carrier/real_001_000020.jpg,0
aircraft_carrier/real_001_000126.jpg,0
aircraft_carrier/real_001_000352.jpg,0
aircraft_carrier/real_001_000381.jpg,0
aircraft_carrier/real_001_000238.jpg,0
aircraft_carrier/real_001_000119.jpg,0
aircraft_carrier/real_001_000077.jpg,0
aircraft_carrier/real_001_000197.jpg,0
aircraft_carrier/real_001_000134.jpg,0
aircraft_carrier/real_001_000156.jpg,0
aircraft_carrier/real_001_000060.jpg,0
aircraft_carrier/real_001_000215.jpg,0
aircraft_carrier/real_001_000108.jpg,0
aircraft_carrier/real_001_000054.jpg,0
aircraft_carrier/real_001_000363.jpg,0
aircraft_carrier/real_001_000217.jpg,0
aircraft_carrier/real_001_000138.jpg,0
aircraft_carrier/real_001_000256.jpg,0
aircraft_carrier/real_001_000023.jpg,0
aircraft_carrier/real_001_000296.jpg,0
aircraft_carrier/real_001_000262.jpg,0
aircraft_carrier/real_001_000076.jpg,0
aircraft_carrier/real_001_000390.jpg,0
aircraft_carrier/real_001_000009.jpg,0
aircraft_carrier/real_001_000178.jpg,0
aircraft_carrier/real_001_000196.jpg,0
aircraft_carrier/real_001_000384.jpg,0
aircraft_carrier/real_001_000131.jpg,0
aircraft_carrier/real_001_000106.jpg,0
aircraft_carrier/real_001_000214.jpg,0
aircraft_carrier/real_001_000032.jpg,0
aircraft_carrier/real_001_000303.jpg,0
aircraft_carrier/real_001_000117.jpg,0
aircraft_carrier/real_001_000386.jpg,0
aircraft_carrier/real_001_000208.jpg,0
aircraft_carrier/real_001_000378.jpg,0
aircraft_carrier/real_001_000298.jpg,0
aircraft_carrier/real_001_000175.jpg,0
aircraft_carrier/real_001_000351.jpg,0
aircraft_carrier/real_001_000078.jpg,0
aircraft_carrier/real_001_000168.jpg,0
aircraft_carrier/real_001_000277.jpg,0
aircraft_carrier/real_001_000094.jpg,0
aircraft_carrier/real_001_000163.jpg,0
aircraft_carrier/real_001_000183.jpg,0
aircraft_carrier/real_001_000173.jpg,0
aircraft_carrier/real_001_000224.jpg,0
aircraft_carrier/real_001_000030.jpg,0
aircraft_carrier/real_001_000341.jpg,0
aircraft_carrier/real_001_000124.jpg,0
aircraft_carrier/real_001_000091.jpg,0
aircraft_carrier/real_001_000152.jpg,0
aircraft_carrier/real_001_000228.jpg,0
aircraft_carrier/real_001_000216.jpg,0
aircraft_carrier/real_001_000120.jpg,0
aircraft_carrier/real_001_000147.jpg,0
aircraft_carrier/real_001_000057.jpg,0
aircraft_carrier/real_001_000135.jpg,0
aircraft_carrier/real_001_000059.jpg,0
aircraft_carrier/real_001_000239.jpg,0
aircraft_carrier/real_001_000116.jpg,0
aircraft_carrier/real_001_000033.jpg,0
aircraft_carrier/real_001_000267.jpg,0
aircraft_carrier/real_001_000370.jpg,0
aircraft_carrier/real_001_000140.jpg,0
aircraft_carrier/real_001_000379.jpg,0
aircraft_carrier/real_001_000264.jpg,0
aircraft_carrier/real_001_000333.jpg,0
aircraft_carrier/real_001_000309.jpg,0
aircraft_carrier/real_001_000026.jpg,0
aircraft_carrier/real_001_000304.jpg,0
aircraft_carrier/real_001_000122.jpg,0
aircraft_carrier/real_001_000132.jpg,0
aircraft_carrier/real_001_000371.jpg,0
aircraft_carrier/real_001_000075.jpg,0
aircraft_carrier/real_001_000325.jpg,0
aircraft_carrier/real_001_000291.jpg,0
aircraft_carrier/real_001_000305.jpg,0
aircraft_carrier/real_001_000203.jpg,0
aircraft_carrier/real_001_000310.jpg,0
aircraft_carrier/real_001_000180.jpg,0
aircraft_carrier/real_001_000031.jpg,0
aircraft_carrier/real_001_000192.jpg,0
aircraft_carrier/real_001_000036.jpg,0
aircraft_carrier/real_001_000252.jpg,0
aircraft_carrier/real_001_000278.jpg,0
aircraft_carrier/real_001_000199.jpg,0
aircraft_carrier/real_001_000282.jpg,0
aircraft_carrier/real_001_000004.jpg,0
aircraft_carrier/real_001_000243.jpg,0
aircraft_carrier/real_001_000340.jpg,0
aircraft_carrier/real_001_000148.jpg,0
aircraft_carrier/real_001_000294.jpg,0
aircraft_carrier/real_001_000198.jpg,0
aircraft_carrier/real_001_000034.jpg,0
aircraft_carrier/real_001_000014.jpg,0
aircraft_carrier/real_001_000345.jpg,0
aircraft_carrier/real_001_000062.jpg,0
aircraft_carrier/real_001_000250.jpg,0
aircraft_carrier/real_001_000043.jpg,0
aircraft_carrier/real_001_000307.jpg,0
aircraft_carrier/real_001_000261.jpg,0
aircraft_carrier/real_001_000315.jpg,0
aircraft_carrier/real_001_000109.jpg,0
aircraft_carrier/real_001_000027.jpg,0
aircraft_carrier/real_001_000348.jpg,0
aircraft_carrier/real_001_000220.jpg,0
aircraft_carrier/real_001_000093.jpg,0
aircraft_carrier/real_001_000280.jpg,0
aircraft_carrier/real_001_000095.jpg,0
aircraft_carrier/real_001_000039.jpg,0
aircraft_carrier/real_001_000337.jpg,0
aircraft_carrier/real_001_000292.jpg,0
aircraft_carrier/real_001_000088.jpg,0
aircraft_carrier/real_001_000319.jpg,0
aircraft_carrier/real_001_000035.jpg,0
aircraft_carrier/real_001_000213.jpg,0
aircraft_carrier/real_001_000231.jpg,0
aircraft_carrier/real_001_000162.jpg,0
aircraft_carrier/real_001_000251.jpg,0
aircraft_carrier/real_001_000097.jpg,0
aircraft_carrier/real_001_000073.jpg,0
aircraft_carrier/real_001_000081.jpg,0
aircraft_carrier/real_001_000177.jpg,0
aircraft_carrier/real_001_000029.jpg,0
aircraft_carrier/real_001_000100.jpg,0
aircraft_carrier/real_001_000098.jpg,0
aircraft_carrier/real_001_000114.jpg,0
aircraft_carrier/real_001_000018.jpg,0
aircraft_carrier/real_001_000058.jpg,0
aircraft_carrier/real_001_000085.jpg,0
aircraft_carrier/real_001_000202.jpg,0
aircraft_carrier/real_001_000254.jpg,0
aircraft_carrier/real_001_000366.jpg,0
aircraft_carrier/real_001_000201.jpg,0
aircraft_carrier/real_001_000050.jpg,0
aircraft_carrier/real_001_000322.jpg,0
aircraft_carrier/real_001_000107.jpg,0
aircraft_carrier/real_001_000276.jpg,0
aircraft_carrier/real_001_000096.jpg,0
aircraft_carrier/real_001_000090.jpg,0
alarm_clock/real_003_000093.jpg,2
alarm_clock/real_003_000275.jpg,2
alarm_clock/real_003_000036.jpg,2
alarm_clock/real_003_000342.jpg,2
alarm_clock/real_003_000124.jpg,2
alarm_clock/real_003_000096.jpg,2
alarm_clock/real_003_000361.jpg,2
alarm_clock/real_003_000268.jpg,2
alarm_clock/real_003_000056.jpg,2
alarm_clock/real_003_000101.jpg,2
alarm_clock/real_003_000172.jpg,2
alarm_clock/real_003_000283.jpg,2
alarm_clock/real_003_000244.jpg,2
alarm_clock/real_003_000233.jpg,2
alarm_clock/real_003_000353.jpg,2
alarm_clock/real_003_000331.jpg,2
alarm_clock/real_003_000030.jpg,2
alarm_clock/real_003_000019.jpg,2
alarm_clock/real_003_000138.jpg,2
alarm_clock/real_003_000047.jpg,2
alarm_clock/real_003_000504.jpg,2
alarm_clock/real_003_000303.jpg,2
alarm_clock/real_003_000111.jpg,2
alarm_clock/real_003_000202.jpg,2
alarm_clock/real_003_000173.jpg,2
alarm_clock/real_003_000484.jpg,2
alarm_clock/real_003_000130.jpg,2
alarm_clock/real_003_000217.jpg,2
alarm_clock/real_003_000416.jpg,2
alarm_clock/real_003_000343.jpg,2
alarm_clock/real_003_000256.jpg,2
alarm_clock/real_003_000225.jpg,2
alarm_clock/real_003_000509.jpg,2
alarm_clock/real_003_000106.jpg,2
alarm_clock/real_003_000483.jpg,2
alarm_clock/real_003_000346.jpg,2
alarm_clock/real_003_000436.jpg,2
alarm_clock/real_003_000480.jpg,2
alarm_clock/real_003_000439.jpg,2
alarm_clock/real_003_000063.jpg,2
alarm_clock/real_003_000218.jpg,2
alarm_clock/real_003_000137.jpg,2
alarm_clock/real_003_000162.jpg,2
alarm_clock/real_003_000213.jpg,2
alarm_clock/real_003_000348.jpg,2
alarm_clock/real_003_000174.jpg,2
alarm_clock/real_003_000335.jpg,2
alarm_clock/real_003_000470.jpg,2
alarm_clock/real_003_000085.jpg,2
alarm_clock/real_003_000107.jpg,2
alarm_clock/real_003_000150.jpg,2
alarm_clock/real_003_000272.jpg,2
alarm_clock/real_003_000054.jpg,2
alarm_clock/real_003_000265.jpg,2
alarm_clock/real_003_000182.jpg,2
alarm_clock/real_003_000005.jpg,2
alarm_clock/real_003_000192.jpg,2
alarm_clock/real_003_000455.jpg,2
alarm_clock/real_003_000159.jpg,2
alarm_clock/real_003_000201.jpg,2
alarm_clock/real_003_000384.jpg,2
alarm_clock/real_003_000098.jpg,2
alarm_clock/real_003_000458.jpg,2
alarm_clock/real_003_000038.jpg,2
alarm_clock/real_003_000423.jpg,2
alarm_clock/real_003_000012.jpg,2
alarm_clock/real_003_000374.jpg,2
alarm_clock/real_003_000441.jpg,2
alarm_clock/real_003_000366.jpg,2
alarm_clock/real_003_000257.jpg,2
alarm_clock/real_003_000082.jpg,2
alarm_clock/real_003_000125.jpg,2
alarm_clock/real_003_000052.jpg,2
alarm_clock/real_003_000332.jpg,2
alarm_clock/real_003_000033.jpg,2
alarm_clock/real_003_000482.jpg,2
alarm_clock/real_003_000045.jpg,2
alarm_clock/real_003_000032.jpg,2
alarm_clock/real_003_000076.jpg,2
alarm_clock/real_003_000226.jpg,2
alarm_clock/real_003_000279.jpg,2
alarm_clock/real_003_000223.jpg,2
alarm_clock/real_003_000336.jpg,2
alarm_clock/real_003_000064.jpg,2
alarm_clock/real_003_000209.jpg,2
alarm_clock/real_003_000444.jpg,2
alarm_clock/real_003_000427.jpg,2
alarm_clock/real_003_000453.jpg,2
alarm_clock/real_003_000180.jpg,2
alarm_clock/real_003_000286.jpg,2
alarm_clock/real_003_000333.jpg,2
alarm_clock/real_003_000087.jpg,2
alarm_clock/real_003_000236.jpg,2
alarm_clock/real_003_000206.jpg,2
alarm_clock/real_003_000091.jpg,2
alarm_clock/real_003_000002.jpg,2
alarm_clock/real_003_000284.jpg,2
alarm_clock/real_003_000388.jpg,2
alarm_clock/real_003_000520.jpg,2
alarm_clock/real_003_000258.jpg,2
alarm_clock/real_003_000252.jpg,2
alarm_clock/real_003_000296.jpg,2
alarm_clock/real_003_000339.jpg,2
alarm_clock/real_003_000048.jpg,2
alarm_clock/real_003_000008.jpg,2
alarm_clock/real_003_000220.jpg,2
alarm_clock/real_003_000214.jpg,2
alarm_clock/real_003_000095.jpg,2
alarm_clock/real_003_000117.jpg,2
alarm_clock/real_003_000515.jpg,2
alarm_clock/real_003_000086.jpg,2
alarm_clock/real_003_000311.jpg,2
alarm_clock/real_003_000489.jpg,2
alarm_clock/real_003_000207.jpg,2
alarm_clock/real_003_000337.jpg,2
alarm_clock/real_003_000242.jpg,2
alarm_clock/real_003_000378.jpg,2
alarm_clock/real_003_000460.jpg,2
alarm_clock/real_003_000199.jpg,2
alarm_clock/real_003_000079.jpg,2
alarm_clock/real_003_000195.jpg,2
alarm_clock/real_003_000027.jpg,2
alarm_clock/real_003_000497.jpg,2
alarm_clock/real_003_000149.jpg,2
alarm_clock/real_003_000171.jpg,2
alarm_clock/real_003_000104.jpg,2
alarm_clock/real_003_000314.jpg,2
alarm_clock/real_003_000438.jpg,2
alarm_clock/real_003_000077.jpg,2
alarm_clock/real_003_000007.jpg,2
alarm_clock/real_003_000382.jpg,2
alarm_clock/real_003_000186.jpg,2
alarm_clock/real_003_000133.jpg,2
alarm_clock/real_003_000024.jpg,2
alarm_clock/real_003_000075.jpg,2
alarm_clock/real_003_000410.jpg,2
alarm_clock/real_003_000069.jpg,2
alarm_clock/real_003_000352.jpg,2
alarm_clock/real_003_000131.jpg,2
alarm_clock/real_003_000177.jpg,2
alarm_clock/real_003_000139.jpg,2
alarm_clock/real_003_000397.jpg,2
alarm_clock/real_003_000449.jpg,2
alarm_clock/real_003_000287.jpg,2
alarm_clock/real_003_000118.jpg,2
alarm_clock/real_003_000080.jpg,2
alarm_clock/real_003_000103.jpg,2
alarm_clock/real_003_000420.jpg,2
alarm_clock/real_003_000170.jpg,2
alarm_clock/real_003_000114.jpg,2
alarm_clock/real_003_000097.jpg,2
alarm_clock/real_003_000083.jpg,2
alarm_clock/real_003_000280.jpg,2
alarm_clock/real_003_000313.jpg,2
alarm_clock/real_003_000167.jpg,2
alarm_clock/real_003_000368.jpg,2
alarm_clock/real_003_000308.jpg,2
alarm_clock/real_003_000385.jpg,2
alarm_clock/real_003_000184.jpg,2
alarm_clock/real_003_000058.jpg,2
alarm_clock/real_003_000414.jpg,2
alarm_clock/real_003_000078.jpg,2
alarm_clock/real_003_000351.jpg,2
alarm_clock/real_003_000297.jpg,2
alarm_clock/real_003_000430.jpg,2
alarm_clock/real_003_000389.jpg,2
alarm_clock/real_003_000424.jpg,2
alarm_clock/real_003_000231.jpg,2
alarm_clock/real_003_000462.jpg,2
alarm_clock/real_003_000471.jpg,2
alarm_clock/real_003_000467.jpg,2
alarm_clock/real_003_000367.jpg,2
alarm_clock/real_003_000240.jpg,2
alarm_clock/real_003_000310.jpg,2
alarm_clock/real_003_000373.jpg,2
alarm_clock/real_003_000026.jpg,2
alarm_clock/real_003_000315.jpg,2
alarm_clock/real_003_000324.jpg,2
alarm_clock/real_003_000210.jpg,2
alarm_clock/real_003_000190.jpg,2
alarm_clock/real_003_000404.jpg,2
alarm_clock/real_003_000362.jpg,2
alarm_clock/real_003_000179.jpg,2
alarm_clock/real_003_000494.jpg,2
alarm_clock/real_003_000016.jpg,2
alarm_clock/real_003_000250.jpg,2
alarm_clock/real_003_000294.jpg,2
alarm_clock/real_003_000454.jpg,2
alarm_clock/real_003_000266.jpg,2
alarm_clock/real_003_000452.jpg,2
alarm_clock/real_003_000031.jpg,2
alarm_clock/real_003_000347.jpg,2
alarm_clock/real_003_000496.jpg,2
alarm_clock/real_003_000425.jpg,2
alarm_clock/real_003_000154.jpg,2
alarm_clock/real_003_000278.jpg,2
alarm_clock/real_003_000132.jpg,2
alarm_clock/real_003_000513.jpg,2
alarm_clock/real_003_000269.jpg,2
alarm_clock/real_003_000136.jpg,2
alarm_clock/real_003_000399.jpg,2
alarm_clock/real_003_000422.jpg,2
alarm_clock/real_003_000393.jpg,2
alarm_clock/real_003_000369.jpg,2
alarm_clock/real_003_000312.jpg,2
alarm_clock/real_003_000105.jpg,2
alarm_clock/real_003_000292.jpg,2
alarm_clock/real_003_000400.jpg,2
alarm_clock/real_003_000059.jpg,2
alarm_clock/real_003_000301.jpg,2
alarm_clock/real_003_000147.jpg,2
alarm_clock/real_003_000446.jpg,2
alarm_clock/real_003_000355.jpg,2
alarm_clock/real_003_000238.jpg,2
alarm_clock/real_003_000511.jpg,2
alarm_clock/real_003_000316.jpg,2
alarm_clock/real_003_000320.jpg,2
alarm_clock/real_003_000006.jpg,2
alarm_clock/real_003_000330.jpg,2
alarm_clock/real_003_000476.jpg,2
alarm_clock/real_003_000363.jpg,2
alarm_clock/real_003_000327.jpg,2
alarm_clock/real_003_000237.jpg,2
alarm_clock/real_003_000448.jpg,2
alarm_clock/real_003_000357.jpg,2
alarm_clock/real_003_000318.jpg,2
alarm_clock/real_003_000066.jpg,2
alarm_clock/real_003_000406.jpg,2
alarm_clock/real_003_000013.jpg,2
alarm_clock/real_003_000411.jpg,2
alarm_clock/real_003_000175.jpg,2
alarm_clock/real_003_000306.jpg,2
alarm_clock/real_003_000321.jpg,2
alarm_clock/real_003_000465.jpg,2
alarm_clock/real_003_000510.jpg,2
alarm_clock/real_003_000044.jpg,2
alarm_clock/real_003_000246.jpg,2
alarm_clock/real_003_000046.jpg,2
alarm_clock/real_003_000291.jpg,2
alarm_clock/real_003_000071.jpg,2
alarm_clock/real_003_000493.jpg,2
alarm_clock/real_003_000300.jpg,2
alarm_clock/real_003_000003.jpg,2
alarm_clock/real_003_000245.jpg,2
alarm_clock/real_003_000057.jpg,2
alarm_clock/real_003_000338.jpg,2
alarm_clock/real_003_000350.jpg,2
alarm_clock/real_003_000419.jpg,2
alarm_clock/real_003_000183.jpg,2
alarm_clock/real_003_000222.jpg,2
alarm_clock/real_003_000394.jpg,2
alarm_clock/real_003_000426.jpg,2
alarm_clock/real_003_000487.jpg,2
alarm_clock/real_003_000251.jpg,2
alarm_clock/real_003_000239.jpg,2
alarm_clock/real_003_000370.jpg,2
alarm_clock/real_003_000356.jpg,2
alarm_clock/real_003_000437.jpg,2
alarm_clock/real_003_000188.jpg,2
alarm_clock/real_003_000408.jpg,2
alarm_clock/real_003_000317.jpg,2
alarm_clock/real_003_000495.jpg,2
alarm_clock/real_003_000372.jpg,2
alarm_clock/real_003_000067.jpg,2
alarm_clock/real_003_000428.jpg,2
alarm_clock/real_003_000039.jpg,2
alarm_clock/real_003_000501.jpg,2
alarm_clock/real_003_000290.jpg,2
alarm_clock/real_003_000491.jpg,2
alarm_clock/real_003_000299.jpg,2
alarm_clock/real_003_000302.jpg,2
alarm_clock/real_003_000478.jpg,2
alarm_clock/real_003_000263.jpg,2
alarm_clock/real_003_000386.jpg,2
alarm_clock/real_003_000011.jpg,2
alarm_clock/real_003_000486.jpg,2
alarm_clock/real_003_000100.jpg,2
alarm_clock/real_003_000219.jpg,2
alarm_clock/real_003_000145.jpg,2
alarm_clock/real_003_000512.jpg,2
alarm_clock/real_003_000158.jpg,2
alarm_clock/real_003_000123.jpg,2
alarm_clock/real_003_000417.jpg,2
alarm_clock/real_003_000135.jpg,2
alarm_clock/real_003_000402.jpg,2
alarm_clock/real_003_000228.jpg,2
alarm_clock/real_003_000196.jpg,2
alarm_clock/real_003_000443.jpg,2
alarm_clock/real_003_000253.jpg,2
alarm_clock/real_003_000109.jpg,2
alarm_clock/real_003_000191.jpg,2
alarm_clock/real_003_000060.jpg,2
alarm_clock/real_003_000295.jpg,2
alarm_clock/real_003_000146.jpg,2
alarm_clock/real_003_000392.jpg,2
alarm_clock/real_003_000068.jpg,2
alarm_clock/real_003_000108.jpg,2
alarm_clock/real_003_000354.jpg,2
alarm_clock/real_003_000049.jpg,2
alarm_clock/real_003_000102.jpg,2
alarm_clock/real_003_000277.jpg,2
alarm_clock/real_003_000241.jpg,2
alarm_clock/real_003_000143.jpg,2
alarm_clock/real_003_000249.jpg,2
alarm_clock/real_003_000344.jpg,2
alarm_clock/real_003_000140.jpg,2
alarm_clock/real_003_000517.jpg,2
alarm_clock/real_003_000409.jpg,2
alarm_clock/real_003_000211.jpg,2
alarm_clock/real_003_000413.jpg,2
alarm_clock/real_003_000358.jpg,2
alarm_clock/real_003_000434.jpg,2
alarm_clock/real_003_000521.jpg,2
alarm_clock/real_003_000328.jpg,2
alarm_clock/real_003_000121.jpg,2
alarm_clock/real_003_000161.jpg,2
alarm_clock/real_003_000502.jpg,2
alarm_clock/real_003_000463.jpg,2
alarm_clock/real_003_000115.jpg,2
alarm_clock/real_003_000187.jpg,2
alarm_clock/real_003_000503.jpg,2
alarm_clock/real_003_000468.jpg,2
alarm_clock/real_003_000429.jpg,2
alarm_clock/real_003_000090.jpg,2
alarm_clock/real_003_000415.jpg,2
alarm_clock/real_003_000403.jpg,2
alarm_clock/real_003_000234.jpg,2
alarm_clock/real_003_000126.jpg,2
alarm_clock/real_003_000488.jpg,2
alarm_clock/real_003_000307.jpg,2
alarm_clock/real_003_000070.jpg,2
alarm_clock/real_003_000062.jpg,2
alarm_clock/real_003_000325.jpg,2
alarm_clock/real_003_000168.jpg,2
alarm_clock/real_003_000376.jpg,2
alarm_clock/real_003_000500.jpg,2
alarm_clock/real_003_000375.jpg,2
alarm_clock/real_003_000224.jpg,2
alarm_clock/real_003_000203.jpg,2
alarm_clock/real_003_000326.jpg,2
alarm_clock/real_003_000261.jpg,2
alarm_clock/real_003_000204.jpg,2
alarm_clock/real_003_000212.jpg,2
alarm_clock/real_003_000160.jpg,2
alarm_clock/real_003_000360.jpg,2
alarm_clock/real_003_000189.jpg,2
alarm_clock/real_003_000481.jpg,2
alarm_clock/real_003_000442.jpg,2
alarm_clock/real_003_000345.jpg,2
alarm_clock/real_003_000119.jpg,2
alarm_clock/real_003_000377.jpg,2
alarm_clock/real_003_000144.jpg,2
alarm_clock/real_003_000232.jpg,2
alarm_clock/real_003_000227.jpg,2
alarm_clock/real_003_000445.jpg,2
alarm_clock/real_003_000061.jpg,2
alarm_clock/real_003_000365.jpg,2
alarm_clock/real_003_000152.jpg,2
alarm_clock/real_003_000273.jpg,2
alarm_clock/real_003_000285.jpg,2
alarm_clock/real_003_000456.jpg,2
alarm_clock/real_003_000390.jpg,2
alarm_clock/real_003_000391.jpg,2
alarm_clock/real_003_000371.jpg,2
alarm_clock/real_003_000051.jpg,2
alarm_clock/real_003_000197.jpg,2
alarm_clock/real_003_000466.jpg,2
alarm_clock/real_003_000304.jpg,2
alarm_clock/real_003_000341.jpg,2
alarm_clock/real_003_000435.jpg,2
alarm_clock/real_003_000073.jpg,2
alarm_clock/real_003_000459.jpg,2
alarm_clock/real_003_000407.jpg,2
alarm_clock/real_003_000151.jpg,2
alarm_clock/real_003_000022.jpg,2
alarm_clock/real_003_000235.jpg,2
alarm_clock/real_003_000381.jpg,2
alarm_clock/real_003_000216.jpg,2
alarm_clock/real_003_000198.jpg,2
alarm_clock/real_003_000004.jpg,2
alarm_clock/real_003_000322.jpg,2
alarm_clock/real_003_000479.jpg,2
alarm_clock/real_003_000329.jpg,2
alarm_clock/real_003_000120.jpg,2
alarm_clock/real_003_000113.jpg,2
alarm_clock/real_003_000461.jpg,2
alarm_clock/real_003_000127.jpg,2
alarm_clock/real_003_000178.jpg,2
alarm_clock/real_003_000260.jpg,2
alarm_clock/real_003_000289.jpg,2
alarm_clock/real_003_000447.jpg,2
alarm_clock/real_003_000288.jpg,2
alarm_clock/real_003_000418.jpg,2
alarm_clock/real_003_000431.jpg,2
alarm_clock/real_003_000014.jpg,2
alarm_clock/real_003_000364.jpg,2
alarm_clock/real_003_000485.jpg,2
alarm_clock/real_003_000264.jpg,2
alarm_clock/real_003_000028.jpg,2
alarm_clock/real_003_000042.jpg,2
alarm_clock/real_003_000081.jpg,2
alarm_clock/real_003_000155.jpg,2
alarm_clock/real_003_000305.jpg,2
alarm_clock/real_003_000208.jpg,2
alarm_clock/real_003_000053.jpg,2
alarm_clock/real_003_000267.jpg,2
alarm_clock/real_003_000359.jpg,2
alarm_clock/real_003_000262.jpg,2
alarm_clock/real_003_000464.jpg,2
alarm_clock/real_003_000274.jpg,2
alarm_clock/real_003_000035.jpg,2
alarm_clock/real_003_000089.jpg,2
alarm_clock/real_003_000156.jpg,2
alarm_clock/real_003_000243.jpg,2
alarm_clock/real_003_000457.jpg,2
alarm_clock/real_003_000001.jpg,2
alarm_clock/real_003_000015.jpg,2
alarm_clock/real_003_000259.jpg,2
alarm_clock/real_003_000475.jpg,2
alarm_clock/real_003_000074.jpg,2
alarm_clock/real_003_000270.jpg,2
alarm_clock/real_003_000037.jpg,2
alarm_clock/real_003_000323.jpg,2
alarm_clock/real_003_000490.jpg,2
alarm_clock/real_003_000380.jpg,2
alarm_clock/real_003_000499.jpg,2
alarm_clock/real_003_000395.jpg,2
alarm_clock/real_003_000508.jpg,2
alarm_clock/real_003_000050.jpg,2
alarm_clock/real_003_000065.jpg,2
alarm_clock/real_003_000164.jpg,2
alarm_clock/real_003_000040.jpg,2
alarm_clock/real_003_000432.jpg,2
alarm_clock/real_003_000205.jpg,2
alarm_clock/real_003_000271.jpg,2
alarm_clock/real_003_000506.jpg,2
alarm_clock/real_003_000055.jpg,2
alarm_clock/real_003_000122.jpg,2
alarm_clock/real_003_000255.jpg,2
alarm_clock/real_003_000472.jpg,2
alarm_clock/real_003_000034.jpg,2
alarm_clock/real_003_000433.jpg,2
alarm_clock/real_003_000383.jpg,2
alarm_clock/real_003_000229.jpg,2
alarm_clock/real_003_000505.jpg,2
alarm_clock/real_003_000142.jpg,2
alarm_clock/real_003_000248.jpg,2
alarm_clock/real_003_000514.jpg,2
alarm_clock/real_003_000334.jpg,2
alarm_clock/real_003_000041.jpg,2
alarm_clock/real_003_000516.jpg,2
alarm_clock/real_003_000477.jpg,2
alarm_clock/real_003_000200.jpg,2
alarm_clock/real_003_000379.jpg,2
alarm_clock/real_003_000157.jpg,2
alarm_clock/real_003_000387.jpg,2
alarm_clock/real_003_000254.jpg,2
alarm_clock/real_003_000010.jpg,2
alarm_clock/real_003_000396.jpg,2
alarm_clock/real_003_000194.jpg,2
alarm_clock/real_003_000009.jpg,2
alarm_clock/real_003_000298.jpg,2
alarm_clock/real_003_000193.jpg,2
alarm_clock/real_003_000474.jpg,2
alarm_clock/real_003_000021.jpg,2
alarm_clock/real_003_000134.jpg,2
alarm_clock/real_003_000092.jpg,2
alarm_clock/real_003_000507.jpg,2
alarm_clock/real_003_000148.jpg,2
alarm_clock/real_003_000398.jpg,2
alarm_clock/real_003_000518.jpg,2
alarm_clock/real_003_000276.jpg,2
alarm_clock/real_003_000181.jpg,2
alarm_clock/real_003_000163.jpg,2
alarm_clock/real_003_000405.jpg,2
alarm_clock/real_003_000176.jpg,2
alarm_clock/real_003_000421.jpg,2
alarm_clock/real_003_000128.jpg,2
alarm_clock/real_003_000110.jpg,2
alarm_clock/real_003_000230.jpg,2
alarm_clock/real_003_000017.jpg,2
alarm_clock/real_003_000112.jpg,2
alarm_clock/real_003_000319.jpg,2
alarm_clock/real_003_000293.jpg,2
alarm_clock/real_003_000247.jpg,2
alarm_clock/real_003_000116.jpg,2
alarm_clock/real_003_000025.jpg,2
alarm_clock/real_003_000094.jpg,2
alarm_clock/real_003_000043.jpg,2
alarm_clock/real_003_000349.jpg,2
alarm_clock/real_003_000473.jpg,2
alarm_clock/real_003_000166.jpg,2
alarm_clock/real_003_000088.jpg,2
alarm_clock/real_003_000169.jpg,2
alarm_clock/real_003_000072.jpg,2
alarm_clock/real_003_000129.jpg,2
alarm_clock/real_003_000029.jpg,2
alarm_clock/real_003_000498.jpg,2
alarm_clock/real_003_000020.jpg,2
alarm_clock/real_003_000440.jpg,2
alarm_clock/real_003_000099.jpg,2
alarm_clock/real_003_000215.jpg,2
alarm_clock/real_003_000153.jpg,2
alarm_clock/real_003_000412.jpg,2
alarm_clock/real_003_000401.jpg,2
alarm_clock/real_003_000165.jpg,2
alarm_clock/real_003_000450.jpg,2
alarm_clock/real_003_000469.jpg,2
alarm_clock/real_003_000018.jpg,2
alarm_clock/real_003_000084.jpg,2
alarm_clock/real_003_000281.jpg,2
alarm_clock/real_003_000451.jpg,2
alarm_clock/real_003_000340.jpg,2
alarm_clock/real_003_000141.jpg,2
alarm_clock/real_003_000492.jpg,2
alarm_clock/real_003_000309.jpg,2
alarm_clock/real_003_000023.jpg,2
alarm_clock/real_003_000282.jpg,2
alarm_clock/real_003_000185.jpg,2
alarm_clock/real_003_000221.jpg,2
alarm_clock/real_003_000519.jpg,2
angel/real_005_000031.jpg,4
angel/real_005_000029.jpg,4
angel/real_005_000001.jpg,4
angel/real_005_000026.jpg,4
angel/real_005_000014.jpg,4
angel/real_005_000028.jpg,4
angel/real_005_000019.jpg,4
angel/real_005_000021.jpg,4
angel/real_005_000005.jpg,4
angel/real_005_000024.jpg,4
angel/real_005_000030.jpg,4
angel/real_005_000008.jpg,4
angel/real_005_000012.jpg,4
angel/real_005_000006.jpg,4
angel/real_005_000015.jpg,4
angel/real_005_000007.jpg,4
angel/real_005_000027.jpg,4
angel/real_005_000017.jpg,4
angel/real_005_000013.jpg,4
angel/real_005_000009.jpg,4
angel/real_005_000023.jpg,4
angel/real_005_000002.jpg,4
angel/real_005_000018.jpg,4
angel/real_005_000016.jpg,4
angel/real_005_000004.jpg,4
angel/real_005_000010.jpg,4
angel/real_005_000003.jpg,4
angel/real_005_000020.jpg,4
angel/real_005_000022.jpg,4
angel/real_005_000025.jpg,4
angel/real_005_000011.jpg,4
ant/real_007_000236.jpg,6
ant/real_007_000169.jpg,6
ant/real_007_000313.jpg,6
ant/real_007_000154.jpg,6
ant/real_007_000102.jpg,6
ant/real_007_000116.jpg,6
ant/real_007_000257.jpg,6
ant/real_007_000123.jpg,6
ant/real_007_000085.jpg,6
ant/real_007_000209.jpg,6
ant/real_007_000110.jpg,6
ant/real_007_000157.jpg,6
ant/real_007_000136.jpg,6
ant/real_007_000044.jpg,6
ant/real_007_000355.jpg,6
ant/real_007_000051.jpg,6
ant/real_007_000324.jpg,6
ant/real_007_000232.jpg,6
ant/real_007_000021.jpg,6
ant/real_007_000017.jpg,6
ant/real_007_000378.jpg,6
ant/real_007_000196.jpg,6
ant/real_007_000334.jpg,6
ant/real_007_000337.jpg,6
ant/real_007_000150.jpg,6
ant/real_007_000074.jpg,6
ant/real_007_000238.jpg,6
ant/real_007_000381.jpg,6
ant/real_007_000338.jpg,6
ant/real_007_000329.jpg,6
ant/real_007_000371.jpg,6
ant/real_007_000197.jpg,6
ant/real_007_000276.jpg,6
ant/real_007_000201.jpg,6
ant/real_007_000080.jpg,6
ant/real_007_000104.jpg,6
ant/real_007_000195.jpg,6
ant/real_007_000350.jpg,6
ant/real_007_000307.jpg,6
ant/real_007_000354.jpg,6
ant/real_007_000366.jpg,6
ant/real_007_000247.jpg,6
ant/real_007_000206.jpg,6
ant/real_007_000203.jpg,6
ant/real_007_000047.jpg,6
ant/real_007_000038.jpg,6
ant/real_007_000187.jpg,6
ant/real_007_000087.jpg,6
ant/real_007_000317.jpg,6
ant/real_007_000049.jpg,6
ant/real_007_000279.jpg,6
ant/real_007_000294.jpg,6
ant/real_007_000321.jpg,6
ant/real_007_000035.jpg,6
ant/real_007_000286.jpg,6
ant/real_007_000042.jpg,6
ant/real_007_000022.jpg,6
ant/real_007_000199.jpg,6
ant/real_007_000137.jpg,6
ant/real_007_000057.jpg,6
ant/real_007_000005.jpg,6
ant/real_007_000273.jpg,6
ant/real_007_000175.jpg,6
ant/real_007_000100.jpg,6
ant/real_007_000024.jpg,6
ant/real_007_000099.jpg,6
ant/real_007_000092.jpg,6
ant/real_007_000167.jpg,6
ant/real_007_000135.jpg,6
ant/real_007_000305.jpg,6
ant/real_007_000164.jpg,6
ant/real_007_000217.jpg,6
ant/real_007_000194.jpg,6
ant/real_007_000377.jpg,6
ant/real_007_000033.jpg,6
ant/real_007_000343.jpg,6
ant/real_007_000153.jpg,6
ant/real_007_000326.jpg,6
ant/real_007_000214.jpg,6
ant/real_007_000095.jpg,6
ant/real_007_000159.jpg,6
ant/real_007_000063.jpg,6
ant/real_007_000190.jpg,6
ant/real_007_000260.jpg,6
ant/real_007_000380.jpg,6
ant/real_007_000312.jpg,6
ant/real_007_000018.jpg,6
ant/real_007_000210.jpg,6
ant/real_007_000240.jpg,6
ant/real_007_000149.jpg,6
ant/real_007_000333.jpg,6
ant/real_007_000261.jpg,6
ant/real_007_000325.jpg,6
ant/real_007_000117.jpg,6
ant/real_007_000098.jpg,6
ant/real_007_000105.jpg,6
ant/real_007_000182.jpg,6
ant/real_007_000152.jpg,6
ant/real_007_000342.jpg,6
ant/real_007_000054.jpg,6
ant/real_007_000265.jpg,6
ant/real_007_000073.jpg,6
ant/real_007_000212.jpg,6
ant/real_007_000185.jpg,6
ant/real_007_000144.jpg,6
ant/real_007_000179.jpg,6
ant/real_007_000025.jpg,6
ant/real_007_000186.jpg,6
ant/real_007_000146.jpg,6
ant/real_007_000071.jpg,6
ant/real_007_000118.jpg,6
ant/real_007_000013.jpg,6
ant/real_007_000064.jpg,6
ant/real_007_000003.jpg,6
ant/real_007_000268.jpg,6
ant/real_007_000230.jpg,6
ant/real_007_000345.jpg,6
ant/real_007_000224.jpg,6
ant/real_007_000093.jpg,6
ant/real_007_000251.jpg,6
ant/real_007_000078.jpg,6
ant/real_007_000107.jpg,6
ant/real_007_000319.jpg,6
ant/real_007_000122.jpg,6
ant/real_007_000267.jpg,6
ant/real_007_000066.jpg,6
ant/real_007_000007.jpg,6
ant/real_007_000327.jpg,6
ant/real_007_000138.jpg,6
ant/real_007_000237.jpg,6
ant/real_007_000170.jpg,6
ant/real_007_000374.jpg,6
ant/real_007_000243.jpg,6
ant/real_007_000148.jpg,6
ant/real_007_000359.jpg,6
ant/real_007_000006.jpg,6
ant/real_007_000328.jpg,6
ant/real_007_000069.jpg,6
ant/real_007_000204.jpg,6
ant/real_007_000134.jpg,6
ant/real_007_000285.jpg,6
ant/real_007_000062.jpg,6
ant/real_007_000060.jpg,6
ant/real_007_000280.jpg,6
ant/real_007_000037.jpg,6
ant/real_007_000291.jpg,6
ant/real_007_000198.jpg,6
ant/real_007_000045.jpg,6
ant/real_007_000077.jpg,6
ant/real_007_000171.jpg,6
ant/real_007_000114.jpg,6
ant/real_007_000323.jpg,6
ant/real_007_000300.jpg,6
ant/real_007_000014.jpg,6
ant/real_007_000128.jpg,6
ant/real_007_000361.jpg,6
ant/real_007_000180.jpg,6
ant/real_007_000311.jpg,6
ant/real_007_000111.jpg,6
ant/real_007_000084.jpg,6
ant/real_007_000289.jpg,6
ant/real_007_000109.jpg,6
ant/real_007_000019.jpg,6
ant/real_007_000155.jpg,6
ant/real_007_000113.jpg,6
ant/real_007_000358.jpg,6
ant/real_007_000292.jpg,6
ant/real_007_000160.jpg,6
ant/real_007_000162.jpg,6
ant/real_007_000376.jpg,6
ant/real_007_000075.jpg,6
ant/real_007_000034.jpg,6
ant/real_007_000090.jpg,6
ant/real_007_000256.jpg,6
ant/real_007_000001.jpg,6
ant/real_007_000101.jpg,6
ant/real_007_000130.jpg,6
ant/real_007_000176.jpg,6
ant/real_007_000218.jpg,6
ant/real_007_000173.jpg,6
ant/real_007_000219.jpg,6
ant/real_007_000367.jpg,6
ant/real_007_000121.jpg,6
ant/real_007_000016.jpg,6
ant/real_007_000245.jpg,6
ant/real_007_000364.jpg,6
ant/real_007_000266.jpg,6
ant/real_007_000270.jpg,6
ant/real_007_000120.jpg,6
ant/real_007_000293.jpg,6
ant/real_007_000301.jpg,6
ant/real_007_000341.jpg,6
ant/real_007_000178.jpg,6
ant/real_007_000264.jpg,6
ant/real_007_000304.jpg,6
ant/real_007_000295.jpg,6
ant/real_007_000040.jpg,6
ant/real_007_000351.jpg,6
ant/real_007_000231.jpg,6
ant/real_007_000365.jpg,6
ant/real_007_000132.jpg,6
ant/real_007_000233.jpg,6
ant/real_007_000213.jpg,6
ant/real_007_000223.jpg,6
ant/real_007_000050.jpg,6
ant/real_007_000082.jpg,6
ant/real_007_000306.jpg,6
ant/real_007_000308.jpg,6
ant/real_007_000036.jpg,6
ant/real_007_000103.jpg,6
ant/real_007_000043.jpg,6
ant/real_007_000284.jpg,6
ant/real_007_000297.jpg,6
ant/real_007_000373.jpg,6
ant/real_007_000356.jpg,6
ant/real_007_000193.jpg,6
ant/real_007_000309.jpg,6
ant/real_007_000030.jpg,6
ant/real_007_000059.jpg,6
ant/real_007_000352.jpg,6
ant/real_007_000349.jpg,6
ant/real_007_000222.jpg,6
ant/real_007_000310.jpg,6
ant/real_007_000127.jpg,6
ant/real_007_000249.jpg,6
ant/real_007_000278.jpg,6
ant/real_007_000372.jpg,6
ant/real_007_000318.jpg,6
ant/real_007_000340.jpg,6
ant/real_007_000363.jpg,6
ant/real_007_000139.jpg,6
ant/real_007_000009.jpg,6
ant/real_007_000296.jpg,6
ant/real_007_000315.jpg,6
ant/real_007_000086.jpg,6
ant/real_007_000357.jpg,6
ant/real_007_000192.jpg,6
ant/real_007_000048.jpg,6
ant/real_007_000200.jpg,6
ant/real_007_000143.jpg,6
ant/real_007_000330.jpg,6
ant/real_007_000314.jpg,6
ant/real_007_000172.jpg,6
ant/real_007_000188.jpg,6
ant/real_007_000254.jpg,6
ant/real_007_000281.jpg,6
ant/real_007_000011.jpg,6
ant/real_007_000174.jpg,6
ant/real_007_000039.jpg,6
ant/real_007_000246.jpg,6
ant/real_007_000220.jpg,6
ant/real_007_000290.jpg,6
ant/real_007_000168.jpg,6
ant/real_007_000097.jpg,6
ant/real_007_000335.jpg,6
ant/real_007_000163.jpg,6
ant/real_007_000287.jpg,6
ant/real_007_000262.jpg,6
ant/real_007_000336.jpg,6
ant/real_007_000177.jpg,6
ant/real_007_000053.jpg,6
ant/real_007_000068.jpg,6
ant/real_007_000347.jpg,6
ant/real_007_000029.jpg,6
ant/real_007_000242.jpg,6
ant/real_007_000015.jpg,6
ant/real_007_000081.jpg,6
ant/real_007_000125.jpg,6
ant/real_007_000108.jpg,6
ant/real_007_000055.jpg,6
ant/real_007_000184.jpg,6
ant/real_007_000133.jpg,6
ant/real_007_000229.jpg,6
ant/real_007_000362.jpg,6
ant/real_007_000004.jpg,6
ant/real_007_000283.jpg,6
ant/real_007_000272.jpg,6
ant/real_007_000119.jpg,6
ant/real_007_000298.jpg,6
ant/real_007_000258.jpg,6
ant/real_007_000207.jpg,6
ant/real_007_000140.jpg,6
ant/real_007_000165.jpg,6
ant/real_007_000253.jpg,6
ant/real_007_000360.jpg,6
ant/real_007_000156.jpg,6
ant/real_007_000058.jpg,6
ant/real_007_000142.jpg,6
ant/real_007_000145.jpg,6
ant/real_007_000225.jpg,6
ant/real_007_000369.jpg,6
ant/real_007_000181.jpg,6
ant/real_007_000161.jpg,6
ant/real_007_000353.jpg,6
ant/real_007_000141.jpg,6
ant/real_007_000346.jpg,6
ant/real_007_000012.jpg,6
ant/real_007_000129.jpg,6
ant/real_007_000070.jpg,6
ant/real_007_000091.jpg,6
ant/real_007_000215.jpg,6
ant/real_007_000189.jpg,6
ant/real_007_000056.jpg,6
ant/real_007_000115.jpg,6
ant/real_007_000061.jpg,6
ant/real_007_000158.jpg,6
ant/real_007_000239.jpg,6
ant/real_007_000299.jpg,6
ant/real_007_000088.jpg,6
ant/real_007_000244.jpg,6
ant/real_007_000277.jpg,6
ant/real_007_000131.jpg,6
ant/real_007_000303.jpg,6
ant/real_007_000208.jpg,6
ant/real_007_000046.jpg,6
ant/real_007_000339.jpg,6
ant/real_007_000332.jpg,6
ant/real_007_000370.jpg,6
ant/real_007_000282.jpg,6
ant/real_007_000344.jpg,6
ant/real_007_000147.jpg,6
ant/real_007_000096.jpg,6
ant/real_007_000234.jpg,6
ant/real_007_000072.jpg,6
ant/real_007_000041.jpg,6
ant/real_007_000263.jpg,6
ant/real_007_000255.jpg,6
ant/real_007_000079.jpg,6
ant/real_007_000227.jpg,6
ant/real_007_000126.jpg,6
ant/real_007_000191.jpg,6
ant/real_007_000094.jpg,6
ant/real_007_000375.jpg,6
ant/real_007_000322.jpg,6
ant/real_007_000052.jpg,6
ant/real_007_000269.jpg,6
ant/real_007_000027.jpg,6
ant/real_007_000076.jpg,6
ant/real_007_000274.jpg,6
ant/real_007_000032.jpg,6
ant/real_007_000151.jpg,6
ant/real_007_000026.jpg,6
ant/real_007_000205.jpg,6
ant/real_007_000331.jpg,6
ant/real_007_000248.jpg,6
ant/real_007_000250.jpg,6
ant/real_007_000275.jpg,6
ant/real_007_000241.jpg,6
ant/real_007_000316.jpg,6
ant/real_007_000202.jpg,6
ant/real_007_000008.jpg,6
ant/real_007_000065.jpg,6
ant/real_007_000228.jpg,6
ant/real_007_000020.jpg,6
ant/real_007_000211.jpg,6
ant/real_007_000183.jpg,6
ant/real_007_000106.jpg,6
ant/real_007_000124.jpg,6
ant/real_007_000010.jpg,6
ant/real_007_000348.jpg,6
ant/real_007_000031.jpg,6
ant/real_007_000089.jpg,6
ant/real_007_000226.jpg,6
ant/real_007_000023.jpg,6
ant/real_007_000271.jpg,6
ant/real_007_000083.jpg,6
ant/real_007_000252.jpg,6
ant/real_007_000379.jpg,6
ant/real_007_000235.jpg,6
ant/real_007_000216.jpg,6
ant/real_007_000028.jpg,6
ant/real_007_000002.jpg,6
ant/real_007_000221.jpg,6
ant/real_007_000166.jpg,6
ant/real_007_000259.jpg,6
ant/real_007_000067.jpg,6
ant/real_007_000368.jpg,6
ant/real_007_000302.jpg,6
ant/real_007_000288.jpg,6
ant/real_007_000112.jpg,6
ant/real_007_000320.jpg,6
apple/real_009_000018.jpg,8
apple/real_009_000033.jpg,8
apple/real_009_000036.jpg,8
apple/real_009_000042.jpg,8
apple/real_009_000047.jpg,8
apple/real_009_000032.jpg,8
apple/real_009_000013.jpg,8
apple/real_009_000049.jpg,8
apple/real_009_000003.jpg,8
apple/real_009_000017.jpg,8
apple/real_009_000004.jpg,8
apple/real_009_000030.jpg,8
apple/real_009_000053.jpg,8
apple/real_009_000035.jpg,8
apple/real_009_000051.jpg,8
apple/real_009_000026.jpg,8
apple/real_009_000020.jpg,8
apple/real_009_000010.jpg,8
apple/real_009_000046.jpg,8
apple/real_009_000041.jpg,8
apple/real_009_000002.jpg,8
apple/real_009_000048.jpg,8
apple/real_009_000028.jpg,8
apple/real_009_000027.jpg,8
apple/real_009_000039.jpg,8
apple/real_009_000040.jpg,8
apple/real_009_000014.jpg,8
apple/real_009_000052.jpg,8
apple/real_009_000054.jpg,8
apple/real_009_000007.jpg,8
apple/real_009_000009.jpg,8
apple/real_009_000015.jpg,8
apple/real_009_000034.jpg,8
apple/real_009_000031.jpg,8
apple/real_009_000011.jpg,8
apple/real_009_000021.jpg,8
apple/real_009_000038.jpg,8
apple/real_009_000019.jpg,8
apple/real_009_000001.jpg,8
apple/real_009_000008.jpg,8
apple/real_009_000006.jpg,8
apple/real_009_000029.jpg,8
apple/real_009_000012.jpg,8
apple/real_009_000043.jpg,8
apple/real_009_000044.jpg,8
apple/real_009_000022.jpg,8
apple/real_009_000024.jpg,8
apple/real_009_000025.jpg,8
apple/real_009_000050.jpg,8
apple/real_009_000045.jpg,8
apple/real_009_000023.jpg,8
apple/real_009_000016.jpg,8
apple/real_009_000005.jpg,8
apple/real_009_000037.jpg,8
