bird/painting_032_000182.jpg,0
bird/painting_032_000216.jpg,0
bird/painting_032_000127.jpg,0
bird/painting_032_000186.jpg,0
bird/painting_032_000113.jpg,0
bird/painting_032_000047.jpg,0
bird/painting_032_000155.jpg,0
bird/painting_032_000187.jpg,0
bird/painting_032_000097.jpg,0
bird/painting_032_000215.jpg,0
bird/painting_032_000067.jpg,0
bird/painting_032_000071.jpg,0
bird/painting_032_000043.jpg,0
bird/painting_032_000044.jpg,0
bird/painting_032_000142.jpg,0
bird/painting_032_000006.jpg,0
bird/painting_032_000005.jpg,0
bird/painting_032_000158.jpg,0
bird/painting_032_000122.jpg,0
bird/painting_032_000100.jpg,0
bird/painting_032_000181.jpg,0
bird/painting_032_000191.jpg,0
bird/painting_032_000193.jpg,0
bird/painting_032_000077.jpg,0
bird/painting_032_000028.jpg,0
bird/painting_032_000050.jpg,0
bird/painting_032_000072.jpg,0
bird/painting_032_000001.jpg,0
bird/painting_032_000202.jpg,0
bird/painting_032_000136.jpg,0
bird/painting_032_000068.jpg,0
bird/painting_032_000162.jpg,0
bird/painting_032_000062.jpg,0
bird/painting_032_000042.jpg,0
bird/painting_032_000203.jpg,0
bird/painting_032_000019.jpg,0
bird/painting_032_000099.jpg,0
bird/painting_032_000080.jpg,0
bird/painting_032_000081.jpg,0
bird/painting_032_000177.jpg,0
bird/painting_032_000109.jpg,0
bird/painting_032_000148.jpg,0
bird/painting_032_000020.jpg,0
bird/painting_032_000054.jpg,0
bird/painting_032_000119.jpg,0
bird/painting_032_000218.jpg,0
bird/painting_032_000198.jpg,0
bird/painting_032_000040.jpg,0
bird/painting_032_000144.jpg,0
bird/painting_032_000112.jpg,0
bird/painting_032_000102.jpg,0
bird/painting_032_000057.jpg,0
bird/painting_032_000053.jpg,0
bird/painting_032_000189.jpg,0
bird/painting_032_000214.jpg,0
bird/painting_032_000086.jpg,0
bird/painting_032_000174.jpg,0
bird/painting_032_000206.jpg,0
bird/painting_032_000217.jpg,0
bird/painting_032_000150.jpg,0
bird/painting_032_000222.jpg,0
bird/painting_032_000210.jpg,0
bird/painting_032_000063.jpg,0
bird/painting_032_000009.jpg,0
bird/painting_032_000208.jpg,0
bird/painting_032_000184.jpg,0
bird/painting_032_000126.jpg,0
bird/painting_032_000128.jpg,0
bird/painting_032_000137.jpg,0
bird/painting_032_000084.jpg,0
bird/painting_032_000091.jpg,0
bird/painting_032_000070.jpg,0
bird/painting_032_000178.jpg,0
bird/painting_032_000157.jpg,0
bird/painting_032_000038.jpg,0
bird/painting_032_000212.jpg,0
bird/painting_032_000131.jpg,0
bird/painting_032_000118.jpg,0
bird/painting_032_000033.jpg,0
bird/painting_032_000110.jpg,0
bird/painting_032_000015.jpg,0
bird/painting_032_000129.jpg,0
bird/painting_032_000132.jpg,0
bird/painting_032_000145.jpg,0
bird/painting_032_000180.jpg,0
bird/painting_032_000011.jpg,0
bird/painting_032_000160.jpg,0
bird/painting_032_000008.jpg,0
bird/painting_032_000221.jpg,0
bird/painting_032_000074.jpg,0
bird/painting_032_000075.jpg,0
bird/painting_032_000176.jpg,0
bird/painting_032_000165.jpg,0
bird/painting_032_000146.jpg,0
bird/painting_032_000059.jpg,0
bird/painting_032_000065.jpg,0
bird/painting_032_000085.jpg,0
bird/painting_032_000079.jpg,0
bird/painting_032_000021.jpg,0
bird/painting_032_000185.jpg,0
bird/painting_032_000002.jpg,0
bird/painting_032_000012.jpg,0
bird/painting_032_000024.jpg,0
bird/painting_032_000101.jpg,0
bird/painting_032_000092.jpg,0
bird/painting_032_000037.jpg,0
bird/painting_032_000045.jpg,0
bird/painting_032_000213.jpg,0
bird/painting_032_000139.jpg,0
bird/painting_032_000088.jpg,0
bird/painting_032_000060.jpg,0
bird/painting_032_000192.jpg,0
bird/painting_032_000123.jpg,0
bird/painting_032_000023.jpg,0
bird/painting_032_000096.jpg,0
bird/painting_032_000173.jpg,0
bird/painting_032_000207.jpg,0
bird/painting_032_000164.jpg,0
bird/painting_032_000032.jpg,0
bird/painting_032_000066.jpg,0
bird/painting_032_000166.jpg,0
bird/painting_032_000190.jpg,0
bird/painting_032_000152.jpg,0
bird/painting_032_000105.jpg,0
bird/painting_032_000147.jpg,0
bird/painting_032_000049.jpg,0
bird/painting_032_000073.jpg,0
bird/painting_032_000154.jpg,0
bird/painting_032_000035.jpg,0
bird/painting_032_000041.jpg,0
bird/painting_032_000175.jpg,0
bird/painting_032_000135.jpg,0
bird/painting_032_000140.jpg,0
bird/painting_032_000052.jpg,0
bird/painting_032_000141.jpg,0
bird/painting_032_000114.jpg,0
bird/painting_032_000095.jpg,0
bird/painting_032_000133.jpg,0
bird/painting_032_000121.jpg,0
bird/painting_032_000069.jpg,0
bird/painting_032_000016.jpg,0
bird/painting_032_000007.jpg,0
bird/painting_032_000018.jpg,0
bird/painting_032_000039.jpg,0
bird/painting_032_000090.jpg,0
bird/painting_032_000013.jpg,0
bird/painting_032_000151.jpg,0
bird/painting_032_000116.jpg,0
bird/painting_032_000055.jpg,0
bird/painting_032_000204.jpg,0
bird/painting_032_000029.jpg,0
bird/painting_032_000170.jpg,0
bird/painting_032_000103.jpg,0
bird/painting_032_000134.jpg,0
bird/painting_032_000026.jpg,0
bird/painting_032_000058.jpg,0
bird/painting_032_000219.jpg,0
bird/painting_032_000156.jpg,0
bird/painting_032_000025.jpg,0
bird/painting_032_000196.jpg,0
bird/painting_032_000003.jpg,0
bird/painting_032_000082.jpg,0
bird/painting_032_000199.jpg,0
bird/painting_032_000138.jpg,0
bird/painting_032_000188.jpg,0
bird/painting_032_000220.jpg,0
bird/painting_032_000183.jpg,0
bird/painting_032_000171.jpg,0
bird/painting_032_000125.jpg,0
bird/painting_032_000051.jpg,0
bird/painting_032_000048.jpg,0
bird/painting_032_000172.jpg,0
bird/painting_032_000031.jpg,0
bird/painting_032_000106.jpg,0
bird/painting_032_000179.jpg,0
bird/painting_032_000161.jpg,0
bird/painting_032_000030.jpg,0
bird/painting_032_000153.jpg,0
bird/painting_032_000130.jpg,0
bird/painting_032_000036.jpg,0
bird/painting_032_000197.jpg,0
bird/painting_032_000209.jpg,0
bird/painting_032_000115.jpg,0
bird/painting_032_000064.jpg,0
bird/painting_032_000078.jpg,0
bird/painting_032_000104.jpg,0
bird/painting_032_000017.jpg,0
bird/painting_032_000169.jpg,0
bird/painting_032_000083.jpg,0
bird/painting_032_000159.jpg,0
bird/painting_032_000167.jpg,0
bird/painting_032_000087.jpg,0
bird/painting_032_000163.jpg,0
bird/painting_032_000108.jpg,0
bird/painting_032_000143.jpg,0
bird/painting_032_000120.jpg,0
bird/painting_032_000061.jpg,0
bird/painting_032_000211.jpg,0
bird/painting_032_000004.jpg,0
bird/painting_032_000089.jpg,0
bird/painting_032_000022.jpg,0
bird/painting_032_000046.jpg,0
bird/painting_032_000195.jpg,0
bird/painting_032_000200.jpg,0
bird/painting_032_000014.jpg,0
bird/painting_032_000094.jpg,0
bird/painting_032_000093.jpg,0
bird/painting_032_000034.jpg,0
bird/painting_032_000124.jpg,0
bird/painting_032_000076.jpg,0
bird/painting_032_000149.jpg,0
bird/painting_032_000168.jpg,0
bird/painting_032_000010.jpg,0
bird/painting_032_000201.jpg,0
bird/painting_032_000098.jpg,0
bird/painting_032_000194.jpg,0
bird/painting_032_000027.jpg,0
bird/painting_032_000107.jpg,0
bird/painting_032_000111.jpg,0
bird/painting_032_000056.jpg,0
bird/painting_032_000205.jpg,0
bird/painting_032_000117.jpg,0
