bird/real_032_000579.jpg,0
bird/real_032_000297.jpg,0
bird/real_032_000505.jpg,0
bird/real_032_000020.jpg,0
bird/real_032_000769.jpg,0
bird/real_032_000629.jpg,0
bird/real_032_000604.jpg,0
bird/real_032_000038.jpg,0
bird/real_032_000768.jpg,0
bird/real_032_000001.jpg,0
bird/real_032_000622.jpg,0
bird/real_032_000444.jpg,0
bird/real_032_000418.jpg,0
bird/real_032_000609.jpg,0
bird/real_032_000642.jpg,0
bird/real_032_000574.jpg,0
bird/real_032_000157.jpg,0
bird/real_032_000261.jpg,0
bird/real_032_000495.jpg,0
bird/real_032_000176.jpg,0
bird/real_032_000586.jpg,0
bird/real_032_000607.jpg,0
bird/real_032_000480.jpg,0
bird/real_032_000274.jpg,0
bird/real_032_000803.jpg,0
bird/real_032_000583.jpg,0
bird/real_032_000781.jpg,0
bird/real_032_000499.jpg,0
bird/real_032_000601.jpg,0
bird/real_032_000052.jpg,0
bird/real_032_000551.jpg,0
bird/real_032_000748.jpg,0
bird/real_032_000350.jpg,0
bird/real_032_000630.jpg,0
bird/real_032_000758.jpg,0
bird/real_032_000506.jpg,0
bird/real_032_000327.jpg,0
bird/real_032_000670.jpg,0
bird/real_032_000672.jpg,0
bird/real_032_000606.jpg,0
bird/real_032_000356.jpg,0
bird/real_032_000610.jpg,0
bird/real_032_000324.jpg,0
bird/real_032_000036.jpg,0
bird/real_032_000144.jpg,0
bird/real_032_000522.jpg,0
bird/real_032_000732.jpg,0
bird/real_032_000658.jpg,0
bird/real_032_000212.jpg,0
bird/real_032_000693.jpg,0
bird/real_032_000287.jpg,0
bird/real_032_000740.jpg,0
bird/real_032_000127.jpg,0
bird/real_032_000042.jpg,0
bird/real_032_000316.jpg,0
bird/real_032_000063.jpg,0
bird/real_032_000139.jpg,0
bird/real_032_000292.jpg,0
bird/real_032_000385.jpg,0
bird/real_032_000064.jpg,0
bird/real_032_000369.jpg,0
bird/real_032_000615.jpg,0
bird/real_032_000669.jpg,0
bird/real_032_000029.jpg,0
bird/real_032_000447.jpg,0
bird/real_032_000600.jpg,0
bird/real_032_000634.jpg,0
bird/real_032_000230.jpg,0
bird/real_032_000066.jpg,0
bird/real_032_000702.jpg,0
bird/real_032_000037.jpg,0
bird/real_032_000456.jpg,0
bird/real_032_000597.jpg,0
bird/real_032_000516.jpg,0
bird/real_032_000043.jpg,0
bird/real_032_000483.jpg,0
bird/real_032_000235.jpg,0
bird/real_032_000225.jpg,0
bird/real_032_000599.jpg,0
bird/real_032_000731.jpg,0
bird/real_032_000572.jpg,0
bird/real_032_000772.jpg,0
bird/real_032_000035.jpg,0
bird/real_032_000318.jpg,0
bird/real_032_000654.jpg,0
bird/real_032_000047.jpg,0
bird/real_032_000156.jpg,0
bird/real_032_000699.jpg,0
bird/real_032_000555.jpg,0
bird/real_032_000457.jpg,0
bird/real_032_000090.jpg,0
bird/real_032_000797.jpg,0
bird/real_032_000233.jpg,0
bird/real_032_000717.jpg,0
bird/real_032_000177.jpg,0
bird/real_032_000405.jpg,0
bird/real_032_000280.jpg,0
bird/real_032_000684.jpg,0
bird/real_032_000072.jpg,0
bird/real_032_000782.jpg,0
bird/real_032_000664.jpg,0
bird/real_032_000003.jpg,0
bird/real_032_000160.jpg,0
bird/real_032_000313.jpg,0
bird/real_032_000544.jpg,0
bird/real_032_000203.jpg,0
bird/real_032_000425.jpg,0
bird/real_032_000590.jpg,0
bird/real_032_000105.jpg,0
bird/real_032_000508.jpg,0
bird/real_032_000183.jpg,0
bird/real_032_000254.jpg,0
bird/real_032_000440.jpg,0
bird/real_032_000154.jpg,0
bird/real_032_000310.jpg,0
bird/real_032_000348.jpg,0
bird/real_032_000024.jpg,0
bird/real_032_000353.jpg,0
bird/real_032_000229.jpg,0
bird/real_032_000030.jpg,0
bird/real_032_000392.jpg,0
bird/real_032_000303.jpg,0
bird/real_032_000178.jpg,0
bird/real_032_000643.jpg,0
bird/real_032_000232.jpg,0
bird/real_032_000449.jpg,0
bird/real_032_000683.jpg,0
bird/real_032_000745.jpg,0
bird/real_032_000170.jpg,0
bird/real_032_000088.jpg,0
bird/real_032_000231.jpg,0
bird/real_032_000402.jpg,0
bird/real_032_000663.jpg,0
bird/real_032_000312.jpg,0
bird/real_032_000336.jpg,0
bird/real_032_000794.jpg,0
bird/real_032_000754.jpg,0
bird/real_032_000519.jpg,0
bird/real_032_000666.jpg,0
bird/real_032_000202.jpg,0
bird/real_032_000091.jpg,0
bird/real_032_000573.jpg,0
bird/real_032_000725.jpg,0
bird/real_032_000720.jpg,0
bird/real_032_000321.jpg,0
bird/real_032_000025.jpg,0
bird/real_032_000317.jpg,0
bird/real_032_000591.jpg,0
bird/real_032_000269.jpg,0
bird/real_032_000180.jpg,0
bird/real_032_000530.jpg,0
bird/real_032_000417.jpg,0
bird/real_032_000118.jpg,0
bird/real_032_000095.jpg,0
bird/real_032_000165.jpg,0
bird/real_032_000633.jpg,0
bird/real_032_000300.jpg,0
bird/real_032_000786.jpg,0
bird/real_032_000032.jpg,0
bird/real_032_000114.jpg,0
bird/real_032_000199.jpg,0
bird/real_032_000265.jpg,0
bird/real_032_000135.jpg,0
bird/real_032_000081.jpg,0
bird/real_032_000147.jpg,0
bird/real_032_000076.jpg,0
bird/real_032_000566.jpg,0
bird/real_032_000259.jpg,0
bird/real_032_000711.jpg,0
bird/real_032_000592.jpg,0
bird/real_032_000554.jpg,0
bird/real_032_000100.jpg,0
bird/real_032_000773.jpg,0
bird/real_032_000361.jpg,0
bird/real_032_000368.jpg,0
bird/real_032_000242.jpg,0
bird/real_032_000689.jpg,0
bird/real_032_000542.jpg,0
bird/real_032_000453.jpg,0
bird/real_032_000162.jpg,0
bird/real_032_000137.jpg,0
bird/real_032_000200.jpg,0
bird/real_032_000414.jpg,0
bird/real_032_000421.jpg,0
bird/real_032_000570.jpg,0
bird/real_032_000706.jpg,0
bird/real_032_000111.jpg,0
bird/real_032_000486.jpg,0
bird/real_032_000189.jpg,0
bird/real_032_000163.jpg,0
bird/real_032_000500.jpg,0
bird/real_032_000236.jpg,0
bird/real_032_000276.jpg,0
bird/real_032_000148.jpg,0
bird/real_032_000796.jpg,0
bird/real_032_000240.jpg,0
bird/real_032_000141.jpg,0
bird/real_032_000281.jpg,0
bird/real_032_000027.jpg,0
bird/real_032_000792.jpg,0
bird/real_032_000524.jpg,0
bird/real_032_000624.jpg,0
bird/real_032_000209.jpg,0
bird/real_032_000169.jpg,0
bird/real_032_000188.jpg,0
bird/real_032_000691.jpg,0
bird/real_032_000245.jpg,0
bird/real_032_000277.jpg,0
bird/real_032_000603.jpg,0
bird/real_032_000680.jpg,0
bird/real_032_000459.jpg,0
bird/real_032_000763.jpg,0
bird/real_032_000427.jpg,0
bird/real_032_000013.jpg,0
bird/real_032_000381.jpg,0
bird/real_032_000526.jpg,0
bird/real_032_000767.jpg,0
bird/real_032_000533.jpg,0
bird/real_032_000341.jpg,0
bird/real_032_000714.jpg,0
bird/real_032_000078.jpg,0
bird/real_032_000724.jpg,0
bird/real_032_000612.jpg,0
bird/real_032_000138.jpg,0
bird/real_032_000438.jpg,0
bird/real_032_000688.jpg,0
bird/real_032_000377.jpg,0
bird/real_032_000742.jpg,0
bird/real_032_000775.jpg,0
bird/real_032_000422.jpg,0
bird/real_032_000710.jpg,0
bird/real_032_000616.jpg,0
bird/real_032_000332.jpg,0
bird/real_032_000219.jpg,0
bird/real_032_000678.jpg,0
bird/real_032_000490.jpg,0
bird/real_032_000753.jpg,0
bird/real_032_000267.jpg,0
bird/real_032_000197.jpg,0
bird/real_032_000109.jpg,0
bird/real_032_000582.jpg,0
bird/real_032_000117.jpg,0
bird/real_032_000146.jpg,0
bird/real_032_000167.jpg,0
bird/real_032_000668.jpg,0
bird/real_032_000161.jpg,0
bird/real_032_000270.jpg,0
bird/real_032_000222.jpg,0
bird/real_032_000347.jpg,0
bird/real_032_000182.jpg,0
bird/real_032_000700.jpg,0
bird/real_032_000143.jpg,0
bird/real_032_000657.jpg,0
bird/real_032_000388.jpg,0
bird/real_032_000309.jpg,0
bird/real_032_000614.jpg,0
bird/real_032_000075.jpg,0
bird/real_032_000028.jpg,0
bird/real_032_000504.jpg,0
bird/real_032_000608.jpg,0
bird/real_032_000370.jpg,0
bird/real_032_000409.jpg,0
bird/real_032_000234.jpg,0
bird/real_032_000179.jpg,0
bird/real_032_000677.jpg,0
bird/real_032_000481.jpg,0
bird/real_032_000536.jpg,0
bird/real_032_000433.jpg,0
bird/real_032_000777.jpg,0
bird/real_032_000136.jpg,0
bird/real_032_000194.jpg,0
bird/real_032_000367.jpg,0
bird/real_032_000489.jpg,0
bird/real_032_000337.jpg,0
bird/real_032_000077.jpg,0
bird/real_032_000263.jpg,0
bird/real_032_000272.jpg,0
bird/real_032_000065.jpg,0
bird/real_032_000511.jpg,0
bird/real_032_000057.jpg,0
bird/real_032_000776.jpg,0
bird/real_032_000733.jpg,0
bird/real_032_000628.jpg,0
bird/real_032_000605.jpg,0
bird/real_032_000241.jpg,0
bird/real_032_000349.jpg,0
bird/real_032_000204.jpg,0
bird/real_032_000523.jpg,0
bird/real_032_000589.jpg,0
bird/real_032_000291.jpg,0
bird/real_032_000650.jpg,0
bird/real_032_000560.jpg,0
bird/real_032_000800.jpg,0
bird/real_032_000463.jpg,0
bird/real_032_000532.jpg,0
bird/real_032_000420.jpg,0
bird/real_032_000578.jpg,0
bird/real_032_000501.jpg,0
bird/real_032_000649.jpg,0
bird/real_032_000637.jpg,0
bird/real_032_000487.jpg,0
bird/real_032_000390.jpg,0
bird/real_032_000708.jpg,0
bird/real_032_000004.jpg,0
bird/real_032_000044.jpg,0
bird/real_032_000467.jpg,0
bird/real_032_000049.jpg,0
bird/real_032_000034.jpg,0
bird/real_032_000738.jpg,0
bird/real_032_000496.jpg,0
bird/real_032_000074.jpg,0
bird/real_032_000098.jpg,0
bird/real_032_000224.jpg,0
bird/real_032_000513.jpg,0
bird/real_032_000428.jpg,0
bird/real_032_000250.jpg,0
bird/real_032_000335.jpg,0
bird/real_032_000301.jpg,0
bird/real_032_000289.jpg,0
bird/real_032_000380.jpg,0
bird/real_032_000106.jpg,0
bird/real_032_000514.jpg,0
bird/real_032_000221.jpg,0
bird/real_032_000378.jpg,0
bird/real_032_000434.jpg,0
bird/real_032_000164.jpg,0
bird/real_032_000302.jpg,0
bird/real_032_000166.jpg,0
bird/real_032_000082.jpg,0
bird/real_032_000744.jpg,0
bird/real_032_000352.jpg,0
bird/real_032_000398.jpg,0
bird/real_032_000342.jpg,0
bird/real_032_000413.jpg,0
bird/real_032_000766.jpg,0
bird/real_032_000541.jpg,0
bird/real_032_000596.jpg,0
bird/real_032_000584.jpg,0
bird/real_032_000472.jpg,0
bird/real_032_000115.jpg,0
bird/real_032_000186.jpg,0
bird/real_032_000011.jpg,0
bird/real_032_000069.jpg,0
bird/real_032_000627.jpg,0
bird/real_032_000151.jpg,0
bird/real_032_000712.jpg,0
bird/real_032_000130.jpg,0
bird/real_032_000577.jpg,0
bird/real_032_000580.jpg,0
bird/real_032_000602.jpg,0
bird/real_032_000462.jpg,0
bird/real_032_000252.jpg,0
bird/real_032_000461.jpg,0
bird/real_032_000755.jpg,0
bird/real_032_000374.jpg,0
bird/real_032_000051.jpg,0
bird/real_032_000080.jpg,0
bird/real_032_000238.jpg,0
bird/real_032_000759.jpg,0
bird/real_032_000371.jpg,0
bird/real_032_000539.jpg,0
bird/real_032_000122.jpg,0
bird/real_032_000729.jpg,0
bird/real_032_000382.jpg,0
bird/real_032_000469.jpg,0
bird/real_032_000715.jpg,0
bird/real_032_000618.jpg,0
bird/real_032_000778.jpg,0
bird/real_032_000631.jpg,0
bird/real_032_000355.jpg,0
bird/real_032_000640.jpg,0
bird/real_032_000070.jpg,0
bird/real_032_000248.jpg,0
bird/real_032_000475.jpg,0
bird/real_032_000569.jpg,0
bird/real_032_000454.jpg,0
bird/real_032_000736.jpg,0
bird/real_032_000282.jpg,0
bird/real_032_000709.jpg,0
bird/real_032_000397.jpg,0
bird/real_032_000765.jpg,0
bird/real_032_000193.jpg,0
bird/real_032_000411.jpg,0
bird/real_032_000253.jpg,0
bird/real_032_000339.jpg,0
bird/real_032_000476.jpg,0
bird/real_032_000446.jpg,0
bird/real_032_000685.jpg,0
bird/real_032_000129.jpg,0
bird/real_032_000175.jpg,0
bird/real_032_000284.jpg,0
bird/real_032_000716.jpg,0
bird/real_032_000128.jpg,0
bird/real_032_000431.jpg,0
bird/real_032_000730.jpg,0
bird/real_032_000722.jpg,0
bird/real_032_000262.jpg,0
bird/real_032_000275.jpg,0
bird/real_032_000517.jpg,0
bird/real_032_000571.jpg,0
bird/real_032_000094.jpg,0
bird/real_032_000058.jpg,0
bird/real_032_000743.jpg,0
bird/real_032_000639.jpg,0
bird/real_032_000048.jpg,0
bird/real_032_000785.jpg,0
bird/real_032_000257.jpg,0
bird/real_032_000097.jpg,0
bird/real_032_000023.jpg,0
bird/real_032_000159.jpg,0
bird/real_032_000497.jpg,0
bird/real_032_000471.jpg,0
bird/real_032_000216.jpg,0
bird/real_032_000184.jpg,0
bird/real_032_000494.jpg,0
bird/real_032_000625.jpg,0
bird/real_032_000009.jpg,0
bird/real_032_000671.jpg,0
bird/real_032_000686.jpg,0
bird/real_032_000050.jpg,0
bird/real_032_000510.jpg,0
bird/real_032_000125.jpg,0
bird/real_032_000750.jpg,0
bird/real_032_000789.jpg,0
bird/real_032_000364.jpg,0
bird/real_032_000455.jpg,0
bird/real_032_000016.jpg,0
bird/real_032_000018.jpg,0
bird/real_032_000358.jpg,0
bird/real_032_000264.jpg,0
bird/real_032_000439.jpg,0
bird/real_032_000749.jpg,0
bird/real_032_000593.jpg,0
bird/real_032_000518.jpg,0
bird/real_032_000746.jpg,0
bird/real_032_000644.jpg,0
bird/real_032_000217.jpg,0
bird/real_032_000598.jpg,0
bird/real_032_000648.jpg,0
bird/real_032_000389.jpg,0
bird/real_032_000099.jpg,0
bird/real_032_000331.jpg,0
bird/real_032_000244.jpg,0
bird/real_032_000192.jpg,0
bird/real_032_000210.jpg,0
bird/real_032_000652.jpg,0
bird/real_032_000567.jpg,0
bird/real_032_000021.jpg,0
bird/real_032_000256.jpg,0
bird/real_032_000325.jpg,0
bird/real_032_000707.jpg,0
bird/real_032_000214.jpg,0
bird/real_032_000595.jpg,0
bird/real_032_000290.jpg,0
bird/real_032_000373.jpg,0
bird/real_032_000771.jpg,0
bird/real_032_000112.jpg,0
bird/real_032_000319.jpg,0
bird/real_032_000201.jpg,0
bird/real_032_000450.jpg,0
bird/real_032_000473.jpg,0
bird/real_032_000656.jpg,0
bird/real_032_000365.jpg,0
bird/real_032_000739.jpg,0
bird/real_032_000484.jpg,0
bird/real_032_000311.jpg,0
bird/real_032_000026.jpg,0
bird/real_032_000273.jpg,0
bird/real_032_000779.jpg,0
bird/real_032_000696.jpg,0
bird/real_032_000084.jpg,0
bird/real_032_000041.jpg,0
bird/real_032_000228.jpg,0
bird/real_032_000149.jpg,0
bird/real_032_000735.jpg,0
bird/real_032_000635.jpg,0
bird/real_032_000198.jpg,0
bird/real_032_000266.jpg,0
bird/real_032_000285.jpg,0
bird/real_032_000196.jpg,0
bird/real_032_000306.jpg,0
bird/real_032_000636.jpg,0
bird/real_032_000033.jpg,0
bird/real_032_000492.jpg,0
bird/real_032_000478.jpg,0
bird/real_032_000531.jpg,0
bird/real_032_000220.jpg,0
bird/real_032_000246.jpg,0
bird/real_032_000113.jpg,0
bird/real_032_000239.jpg,0
bird/real_032_000195.jpg,0
bird/real_032_000558.jpg,0
bird/real_032_000059.jpg,0
bird/real_032_000061.jpg,0
bird/real_032_000498.jpg,0
bird/real_032_000346.jpg,0
bird/real_032_000521.jpg,0
bird/real_032_000155.jpg,0
bird/real_032_000429.jpg,0
bird/real_032_000172.jpg,0
bird/real_032_000174.jpg,0
bird/real_032_000363.jpg,0
bird/real_032_000379.jpg,0
bird/real_032_000509.jpg,0
bird/real_032_000437.jpg,0
bird/real_032_000226.jpg,0
bird/real_032_000525.jpg,0
bird/real_032_000396.jpg,0
bird/real_032_000613.jpg,0
bird/real_032_000761.jpg,0
bird/real_032_000103.jpg,0
bird/real_032_000795.jpg,0
bird/real_032_000564.jpg,0
bird/real_032_000549.jpg,0
bird/real_032_000123.jpg,0
bird/real_032_000086.jpg,0
bird/real_032_000784.jpg,0
bird/real_032_000140.jpg,0
bird/real_032_000701.jpg,0
bird/real_032_000279.jpg,0
bird/real_032_000723.jpg,0
bird/real_032_000403.jpg,0
bird/real_032_000399.jpg,0
bird/real_032_000415.jpg,0
bird/real_032_000527.jpg,0
bird/real_032_000764.jpg,0
bird/real_032_000268.jpg,0
bird/real_032_000619.jpg,0
bird/real_032_000632.jpg,0
bird/real_032_000406.jpg,0
bird/real_032_000108.jpg,0
bird/real_032_000452.jpg,0
bird/real_032_000802.jpg,0
bird/real_032_000791.jpg,0
bird/real_032_000442.jpg,0
bird/real_032_000132.jpg,0
bird/real_032_000071.jpg,0
bird/real_032_000045.jpg,0
bird/real_032_000659.jpg,0
bird/real_032_000587.jpg,0
bird/real_032_000535.jpg,0
bird/real_032_000278.jpg,0
bird/real_032_000529.jpg,0
bird/real_032_000528.jpg,0
bird/real_032_000788.jpg,0
bird/real_032_000093.jpg,0
bird/real_032_000330.jpg,0
bird/real_032_000102.jpg,0
bird/real_032_000537.jpg,0
bird/real_032_000124.jpg,0
bird/real_032_000145.jpg,0
bird/real_032_000092.jpg,0
bird/real_032_000351.jpg,0
bird/real_032_000247.jpg,0
bird/real_032_000328.jpg,0
bird/real_032_000674.jpg,0
bird/real_032_000694.jpg,0
bird/real_032_000512.jpg,0
bird/real_032_000206.jpg,0
bird/real_032_000340.jpg,0
bird/real_032_000687.jpg,0
bird/real_032_000387.jpg,0
bird/real_032_000787.jpg,0
bird/real_032_000258.jpg,0
bird/real_032_000208.jpg,0
bird/real_032_000721.jpg,0
bird/real_032_000679.jpg,0
bird/real_032_000703.jpg,0
bird/real_032_000323.jpg,0
bird/real_032_000432.jpg,0
bird/real_032_000545.jpg,0
bird/real_032_000559.jpg,0
bird/real_032_000482.jpg,0
bird/real_032_000503.jpg,0
bird/real_032_000295.jpg,0
bird/real_032_000435.jpg,0
bird/real_032_000359.jpg,0
bird/real_032_000661.jpg,0
bird/real_032_000190.jpg,0
bird/real_032_000667.jpg,0
bird/real_032_000760.jpg,0
bird/real_032_000801.jpg,0
bird/real_032_000131.jpg,0
bird/real_032_000620.jpg,0
bird/real_032_000430.jpg,0
bird/real_032_000046.jpg,0
bird/real_032_000211.jpg,0
bird/real_032_000223.jpg,0
bird/real_032_000116.jpg,0
bird/real_032_000213.jpg,0
bird/real_032_000401.jpg,0
bird/real_032_000055.jpg,0
bird/real_032_000386.jpg,0
bird/real_032_000793.jpg,0
bird/real_032_000134.jpg,0
bird/real_032_000393.jpg,0
bird/real_032_000218.jpg,0
bird/real_032_000488.jpg,0
bird/real_032_000563.jpg,0
bird/real_032_000458.jpg,0
bird/real_032_000168.jpg,0
bird/real_032_000638.jpg,0
bird/real_032_000133.jpg,0
bird/real_032_000718.jpg,0
bird/real_032_000780.jpg,0
bird/real_032_000543.jpg,0
bird/real_032_000083.jpg,0
bird/real_032_000357.jpg,0
bird/real_032_000227.jpg,0
bird/real_032_000651.jpg,0
bird/real_032_000187.jpg,0
bird/real_032_000464.jpg,0
bird/real_032_000493.jpg,0
bird/real_032_000552.jpg,0
bird/real_032_000790.jpg,0
bird/real_032_000315.jpg,0
bird/real_032_000283.jpg,0
bird/real_032_000645.jpg,0
bird/real_032_000468.jpg,0
bird/real_032_000690.jpg,0
bird/real_032_000338.jpg,0
bird/real_032_000322.jpg,0
bird/real_032_000079.jpg,0
bird/real_032_000126.jpg,0
bird/real_032_000360.jpg,0
bird/real_032_000260.jpg,0
bird/real_032_000298.jpg,0
bird/real_032_000426.jpg,0
bird/real_032_000345.jpg,0
bird/real_032_000007.jpg,0
bird/real_032_000255.jpg,0
bird/real_032_000362.jpg,0
bird/real_032_000515.jpg,0
bird/real_032_000205.jpg,0
bird/real_032_000314.jpg,0
bird/real_032_000626.jpg,0
bird/real_032_000655.jpg,0
bird/real_032_000441.jpg,0
bird/real_032_000394.jpg,0
bird/real_032_000594.jpg,0
bird/real_032_000153.jpg,0
bird/real_032_000333.jpg,0
bird/real_032_000741.jpg,0
bird/real_032_000585.jpg,0
bird/real_032_000416.jpg,0
bird/real_032_000107.jpg,0
bird/real_032_000695.jpg,0
bird/real_032_000556.jpg,0
bird/real_032_000039.jpg,0
bird/real_032_000288.jpg,0
bird/real_032_000623.jpg,0
bird/real_032_000294.jpg,0
bird/real_032_000734.jpg,0
bird/real_032_000460.jpg,0
bird/real_032_000060.jpg,0
bird/real_032_000617.jpg,0
bird/real_032_000012.jpg,0
bird/real_032_000540.jpg,0
bird/real_032_000207.jpg,0
bird/real_032_000728.jpg,0
bird/real_032_000237.jpg,0
bird/real_032_000770.jpg,0
bird/real_032_000171.jpg,0
bird/real_032_000477.jpg,0
bird/real_032_000375.jpg,0
bird/real_032_000621.jpg,0
bird/real_032_000251.jpg,0
bird/real_032_000395.jpg,0
bird/real_032_000002.jpg,0
bird/real_032_000089.jpg,0
bird/real_032_000400.jpg,0
bird/real_032_000681.jpg,0
bird/real_032_000697.jpg,0
bird/real_032_000308.jpg,0
bird/real_032_000104.jpg,0
bird/real_032_000479.jpg,0
bird/real_032_000443.jpg,0
bird/real_032_000343.jpg,0
bird/real_032_000726.jpg,0
bird/real_032_000660.jpg,0
bird/real_032_000546.jpg,0
bird/real_032_000120.jpg,0
bird/real_032_000391.jpg,0
bird/real_032_000553.jpg,0
bird/real_032_000653.jpg,0
bird/real_032_000085.jpg,0
bird/real_032_000087.jpg,0
bird/real_032_000737.jpg,0
bird/real_032_000040.jpg,0
bird/real_032_000448.jpg,0
bird/real_032_000181.jpg,0
bird/real_032_000054.jpg,0
bird/real_032_000110.jpg,0
bird/real_032_000329.jpg,0
bird/real_032_000215.jpg,0
bird/real_032_000384.jpg,0
bird/real_032_000548.jpg,0
bird/real_032_000713.jpg,0
bird/real_032_000561.jpg,0
bird/real_032_000611.jpg,0
bird/real_032_000576.jpg,0
bird/real_032_000423.jpg,0
bird/real_032_000756.jpg,0
bird/real_032_000698.jpg,0
bird/real_032_000520.jpg,0
bird/real_032_000142.jpg,0
bird/real_032_000665.jpg,0
bird/real_032_000692.jpg,0
bird/real_032_000747.jpg,0
bird/real_032_000119.jpg,0
bird/real_032_000271.jpg,0
bird/real_032_000647.jpg,0
bird/real_032_000006.jpg,0
bird/real_032_000470.jpg,0
bird/real_032_000010.jpg,0
bird/real_032_000307.jpg,0
bird/real_032_000015.jpg,0
bird/real_032_000641.jpg,0
bird/real_032_000173.jpg,0
bird/real_032_000008.jpg,0
bird/real_032_000752.jpg,0
bird/real_032_000067.jpg,0
bird/real_032_000565.jpg,0
bird/real_032_000243.jpg,0
bird/real_032_000299.jpg,0
bird/real_032_000286.jpg,0
bird/real_032_000568.jpg,0
bird/real_032_000581.jpg,0
bird/real_032_000774.jpg,0
bird/real_032_000101.jpg,0
bird/real_032_000507.jpg,0
bird/real_032_000053.jpg,0
bird/real_032_000031.jpg,0
bird/real_032_000408.jpg,0
bird/real_032_000465.jpg,0
bird/real_032_000466.jpg,0
bird/real_032_000372.jpg,0
bird/real_032_000014.jpg,0
bird/real_032_000334.jpg,0
bird/real_032_000474.jpg,0
bird/real_032_000376.jpg,0
bird/real_032_000305.jpg,0
bird/real_032_000676.jpg,0
bird/real_032_000185.jpg,0
bird/real_032_000538.jpg,0
bird/real_032_000022.jpg,0
bird/real_032_000445.jpg,0
bird/real_032_000436.jpg,0
bird/real_032_000366.jpg,0
bird/real_032_000534.jpg,0
bird/real_032_000547.jpg,0
bird/real_032_000326.jpg,0
bird/real_032_000304.jpg,0
bird/real_032_000056.jpg,0
bird/real_032_000662.jpg,0
bird/real_032_000762.jpg,0
bird/real_032_000383.jpg,0
bird/real_032_000320.jpg,0
bird/real_032_000419.jpg,0
bird/real_032_000062.jpg,0
bird/real_032_000704.jpg,0
bird/real_032_000751.jpg,0
bird/real_032_000588.jpg,0
bird/real_032_000296.jpg,0
bird/real_032_000019.jpg,0
bird/real_032_000502.jpg,0
bird/real_032_000150.jpg,0
bird/real_032_000424.jpg,0
bird/real_032_000757.jpg,0
bird/real_032_000705.jpg,0
bird/real_032_000404.jpg,0
bird/real_032_000719.jpg,0
bird/real_032_000191.jpg,0
bird/real_032_000557.jpg,0
bird/real_032_000550.jpg,0
bird/real_032_000293.jpg,0
bird/real_032_000005.jpg,0
bird/real_032_000410.jpg,0
bird/real_032_000798.jpg,0
bird/real_032_000799.jpg,0
bird/real_032_000485.jpg,0
bird/real_032_000646.jpg,0
bird/real_032_000249.jpg,0
bird/real_032_000675.jpg,0
bird/real_032_000096.jpg,0
bird/real_032_000158.jpg,0
bird/real_032_000491.jpg,0
bird/real_032_000073.jpg,0
bird/real_032_000017.jpg,0
bird/real_032_000783.jpg,0
bird/real_032_000354.jpg,0
bird/real_032_000673.jpg,0
bird/real_032_000344.jpg,0
bird/real_032_000121.jpg,0
bird/real_032_000682.jpg,0
bird/real_032_000068.jpg,0
bird/real_032_000575.jpg,0
bird/real_032_000412.jpg,0
bird/real_032_000562.jpg,0
bird/real_032_000451.jpg,0
bird/real_032_000152.jpg,0
bird/real_032_000407.jpg,0
bird/real_032_000727.jpg,0
